Name,HoF,Yrs,WAR,WAR7,JAWS,Jpos,JAWSratio,G,AB,R,H,HR,RBI,SB,BB,BA,OBP,SLG,OPS,OPSadj
Aaron Boone,No,12,13.5,15.2,14.4,55.7,25.85278276,1152,3871,519,1071,126,555,107,303,0.263,0.326,0.425,0.751,94
Adam Dunn,No,14,17.4,17.7,17.6,53.7,32.77467412,2001,6883,1097,1631,462,1168,63,1317,0.237,0.364,0.49,0.854,124
AJ Pierzynski,No,19,23.8,18.1,20.9,44.2,47.28506787,2059,7290,807,2043,188,909,15,308,0.28,0.319,0.42,0.739,94
Al Dark,No,14,43.2,33.1,38.1,55.3,68.89692586,1828,7219,1064,2089,126,757,59,430,0.289,0.333,0.411,0.744,98
Al Kaline,Yes,22,92.8,48.8,70.8,57.2,123.7762238,2834,10116,1622,3007,399,1582,137,1277,0.297,0.376,0.48,0.855,134
Al Oliver,No,18,43.7,28.1,35.9,58,61.89655172,2368,9049,1189,2743,219,1326,84,535,0.303,0.344,0.451,0.795,121
Al Simmons,Yes,20,68.8,45.8,57.3,53.6,106.9029851,2215,8759,1507,2927,307,1828,88,615,0.334,0.38,0.535,0.915,133
Alan Trammell,Yes,20,70.7,44.8,57.8,55.3,104.5207957,2293,8288,1231,2365,185,1003,236,850,0.285,0.352,0.415,0.767,110
Albert Belle,No,12,40.1,36,38.1,53.6,71.08208955,1539,5853,974,1726,381,1239,88,683,0.295,0.369,0.564,0.933,144
Alex Rodriguez,No,22,117.5,64.3,90.9,55.5,163.7837838,2784,10566,2021,3115,696,2086,329,1338,0.295,0.38,0.55,0.93,140
Alfonso Soriano,No,16,28.2,27.3,27.8,53.7,51.76908752,1975,7750,1152,2095,412,1159,289,496,0.27,0.319,0.5,0.819,112
Andre Dawson,Yes,21,64.8,42.7,53.7,58,92.5862069,2627,9927,1373,2774,438,1591,314,589,0.279,0.323,0.482,0.806,119
Andre Thornton,No,14,24.2,23.2,23.7,54.2,43.72693727,1565,5291,792,1342,253,895,48,876,0.254,0.36,0.452,0.811,123
Andres Galarraga,No,19,31.7,26.4,29.1,54.2,53.6900369,2257,8096,1195,2333,399,1425,128,583,0.288,0.347,0.499,0.846,119
Andruw Jones,No,17,62.8,46.5,54.7,58,94.31034483,2196,7599,1204,1933,434,1289,152,891,0.254,0.337,0.486,0.823,111
Andy Pafko,No,17,36.8,29.7,33.2,58,57.24137931,1852,6292,844,1796,213,976,38,561,0.285,0.35,0.449,0.799,117
Aramis Ramirez,No,18,32.4,29.5,30.9,55.7,55.47576302,2194,8136,1098,2303,386,1417,29,633,0.283,0.341,0.492,0.833,115
Arky Vaughan,Yes,14,72.9,50.6,61.8,55.3,111.7540687,1817,6622,1173,2103,96,926,118,937,0.318,0.406,0.453,0.859,136
Arlie Latham,No,17,30.6,25.5,28.1,55.7,50.44883303,1629,6832,1481,1836,27,563,742,589,0.269,0.334,0.341,0.676,92
Art Fletcher,No,13,47,36.8,41.9,55.3,75.76853526,1533,5541,684,1534,32,676,160,203,0.277,0.319,0.365,0.684,99
Aubrey Huff,No,13,20.4,22.6,21.5,54.2,39.66789668,1681,6104,806,1699,242,904,37,571,0.278,0.342,0.464,0.806,114
Augie Galan,No,16,41.1,32,36.5,53.6,68.09701493,1742,5937,1004,1706,100,830,123,979,0.287,0.39,0.419,0.81,122
Babe Herman,No,13,40.3,31.8,36.1,57.2,63.11188811,1552,5603,882,1818,181,997,94,520,0.324,0.383,0.532,0.915,141
Babe Ruth,Yes,22,162.1,84.7,123.4,57.2,215.7342657,2503,8399,2174,2873,714,2214,123,2062,0.342,0.474,0.69,1.164,206
Barry Bonds,No,22,162.8,72.7,117.8,53.6,219.7761194,2986,9847,2227,2935,762,1996,514,2558,0.298,0.444,0.607,1.051,182
Barry Larkin,Yes,19,70.4,43.3,56.9,55.3,102.8933092,2180,7937,1329,2340,198,960,379,939,0.295,0.371,0.444,0.815,116
Ben Chapman,No,15,41.2,29.9,35.6,57.2,62.23776224,1717,6478,1144,1958,90,977,287,824,0.302,0.383,0.44,0.823,114
Benito Santiago,No,20,27.3,18.5,22.9,44.2,51.80995475,1978,6951,755,1830,217,920,91,430,0.263,0.307,0.415,0.722,93
Bernie Williams,No,16,49.6,37.6,43.6,58,75.17241379,2076,7869,1366,2336,287,1257,147,1069,0.297,0.381,0.477,0.858,125
Bert Campaneris,No,19,53.1,36.7,44.9,55.3,81.19349005,2328,8684,1181,2249,79,646,649,618,0.259,0.311,0.342,0.653,89
Bid McPhee,Yes,18,52.6,29.4,41,57,71.92982456,2138,8304,1684,2258,53,1072,568,982,0.272,0.355,0.373,0.728,107
Bill Bradley,No,14,37.2,34.9,36.1,55.7,64.81149013,1461,5430,754,1471,34,552,181,290,0.271,0.317,0.371,0.688,108
Bill Bruton,No,12,26.1,19.4,22.7,58,39.13793103,1610,6056,937,1651,94,545,207,482,0.273,0.328,0.393,0.72,96
Bill Buckner,No,22,15.1,16.4,15.8,54.2,29.15129151,2517,9397,1077,2715,174,1208,183,450,0.289,0.321,0.408,0.729,100
Bill Carrigan,No,10,12.2,11.8,12,44.2,27.14932127,709,1970,194,506,6,235,37,206,0.257,0.334,0.313,0.648,94
Bill Cissell,No,9,1.2,3.8,2.5,57,4.385964912,956,3707,516,990,29,423,113,212,0.267,0.308,0.36,0.669,73
Bill Dahlen,No,21,75.4,40.2,57.8,55.3,104.5207957,2444,9036,1590,2461,84,1234,548,1064,0.272,0.358,0.382,0.74,110
Bill Dickey,Yes,17,55.8,34.2,45,44.2,101.8099548,1789,6300,930,1969,202,1209,36,678,0.313,0.382,0.486,0.868,127
Bill Freehan,No,15,44.8,33.7,39.3,44.2,88.91402715,1774,6073,706,1591,200,758,24,626,0.262,0.34,0.412,0.752,112
Bill Hinchman,No,10,13.6,14.7,14.2,57.2,24.82517483,908,3043,364,793,20,369,85,298,0.261,0.336,0.368,0.704,118
Bill Killefer,No,13,3.6,5.7,4.7,44.2,10.63348416,1035,3150,237,751,4,240,39,113,0.238,0.273,0.283,0.555,63
Bill Lange,No,7,23,23,23,58,39.65517241,813,3202,691,1056,39,579,400,350,0.33,0.4,0.458,0.858,123
Bill Madlock,No,15,38.2,28.4,33.3,55.7,59.78456014,1806,6594,920,2008,163,860,174,605,0.305,0.365,0.442,0.807,123
Bill Mazeroski,Yes,17,36.5,26,31.2,57,54.73684211,2163,7755,769,2016,138,853,27,447,0.26,0.299,0.367,0.667,84
Bill Mueller,No,11,23.9,19.7,21.8,55.7,39.13824057,1216,4223,663,1229,85,493,20,543,0.291,0.373,0.425,0.797,109
Bill Nicholson,No,16,41.8,33.8,37.8,57.2,66.08391608,1677,5546,837,1484,235,948,27,800,0.268,0.365,0.465,0.83,132
Bill Russell,No,18,31.3,21.3,26.3,55.3,47.55877034,2182,7318,796,1926,46,627,167,483,0.263,0.31,0.338,0.648,83
Bill Sweeney,No,8,13.7,14.1,13.9,57,24.38596491,1039,3692,442,1004,11,388,172,423,0.272,0.349,0.344,0.693,102
Bill Terry,Yes,14,54.2,41.2,47.7,54.2,88.00738007,1721,6428,1120,2193,154,1078,56,537,0.341,0.393,0.506,0.899,136
Bill Virdon,No,12,19.7,17.7,18.7,58,32.24137931,1583,5980,735,1596,91,502,47,442,0.267,0.316,0.379,0.696,89
Bill Wambsganss,No,13,3.7,7.4,5.6,57,9.824561404,1491,5241,710,1359,7,521,140,490,0.259,0.328,0.327,0.655,78
Bill White,No,13,38.6,32,35.3,54.2,65.12915129,1673,5972,843,1706,202,870,103,596,0.286,0.351,0.455,0.806,116
Billy Cox,No,11,9.9,9.9,9.9,55.7,17.77378815,1058,3712,470,974,66,351,42,298,0.262,0.318,0.38,0.698,85
Billy Hamilton,Yes,14,63.4,42.7,53,58,91.37931034,1594,6283,1697,2164,40,742,914,1189,0.344,0.455,0.432,0.888,141
Billy Herman,Yes,15,54.8,35.5,45.1,57,79.12280702,1922,7707,1163,2345,47,839,67,737,0.304,0.367,0.407,0.774,112
Billy Jurges,No,17,30.8,22.8,26.8,55.3,48.46292948,1816,6253,721,1613,43,656,36,568,0.258,0.325,0.335,0.66,82
Billy Martin,No,11,2.9,7.2,5.1,57,8.947368421,1021,3419,425,877,64,333,34,188,0.257,0.3,0.369,0.669,81
Billy Sullivan,No,16,6,6.1,6,44.2,13.57466063,1147,3647,363,777,21,378,98,170,0.213,0.254,0.281,0.535,63
Billy Werber,No,11,25.1,22.6,23.9,55.7,42.90843806,1295,5024,875,1363,78,539,215,701,0.271,0.364,0.392,0.756,98
Billy Williams,Yes,18,63.7,41.4,52.6,53.6,98.13432836,2488,9350,1410,2711,426,1475,90,1045,0.29,0.361,0.492,0.853,133
Bing Miller,No,16,28.8,20.7,24.8,57.2,43.35664336,1820,6212,946,1934,116,993,127,383,0.311,0.359,0.461,0.82,108
Birdie Tebbets,No,14,4.5,6,5.3,44.2,11.99095023,1162,3704,357,1000,38,469,29,389,0.27,0.341,0.358,0.7,81
BJ Surhoff,No,19,34.4,22.4,28.4,53.6,52.98507463,2313,8258,1062,2326,188,1153,141,640,0.282,0.332,0.413,0.745,98
Bob Bailey,No,17,28.7,23.5,26.1,55.7,46.85816876,1931,6082,772,1564,189,773,85,852,0.257,0.347,0.403,0.75,111
Bob Boone,No,19,27.4,20.4,23.9,44.2,54.07239819,2264,7245,679,1838,105,826,38,663,0.254,0.315,0.346,0.661,82
Bob Elliott,No,15,50.4,34.8,42.6,55.7,76.48114901,1978,7141,1064,2061,170,1195,60,967,0.289,0.375,0.44,0.815,124
Bob Johnson,No,13,57.3,36,46.6,53.6,86.94029851,1853,6920,1239,2051,288,1283,96,1075,0.296,0.393,0.506,0.899,139
Bob Meusel,No,11,27.7,23.6,25.6,57.2,44.75524476,1407,5475,826,1693,156,1071,143,375,0.309,0.356,0.497,0.852,118
Bob O'Farrell,No,21,19.8,17,18.4,44.2,41.62895928,1492,4101,517,1120,51,549,35,547,0.273,0.36,0.388,0.748,98
Bob Watson,No,19,28.4,24.4,26.4,54.2,48.70848708,1832,6185,802,1826,184,989,27,653,0.295,0.364,0.447,0.811,129
Bobby Abreu,No,18,60,41.6,50.8,56.9,89.27943761,2425,8480,1453,2470,288,1363,400,1476,0.291,0.395,0.475,0.87,128
Bobby Adams,No,14,14.5,12.7,13.6,55.7,24.41651706,1281,4019,591,1082,37,303,67,414,0.269,0.34,0.368,0.708,90
Bobby Bonds,No,14,57.9,41.1,49.5,57.2,86.53846154,1849,7043,1258,1886,332,1024,461,914,0.268,0.353,0.471,0.824,129
Bobby Bonilla,No,16,30.3,27.4,28.9,55.7,51.88509874,2113,7213,1084,2010,287,1173,45,912,0.279,0.358,0.472,0.829,124
Bobby Doerr,Yes,14,51.2,36.4,43.8,57,76.84210526,1865,7093,1094,2042,223,1247,54,809,0.288,0.362,0.461,0.823,115
Bobby Grich,No,17,71.1,46.4,58.7,57,102.9824561,2008,6890,1033,1833,224,864,104,1087,0.266,0.371,0.424,0.794,125
Bobby Lowe,No,18,20.2,16.6,18.4,57,32.28070175,1821,7078,1135,1934,71,989,303,474,0.273,0.325,0.36,0.685,87
Bobby Murcer,No,17,32.1,29.8,30.9,58,53.27586207,1908,6730,972,1862,252,1043,127,862,0.277,0.357,0.445,0.802,124
Bobby Richardson,No,12,8.2,10.4,9.3,57,16.31578947,1412,5386,643,1432,34,390,73,262,0.266,0.299,0.335,0.634,77
Bobby Thomson,No,15,33.3,27,30.1,58,51.89655172,1779,6305,903,1705,264,1026,38,559,0.27,0.332,0.462,0.794,110
Bobby Veach,No,14,47.8,37.6,42.7,53.6,79.6641791,1821,6656,957,2063,64,1174,195,571,0.31,0.37,0.442,0.812,127
Bobby Wallace,Yes,25,70.3,41.8,56.1,55.3,101.4466546,2383,8618,1057,2309,34,1121,201,774,0.268,0.332,0.358,0.69,105
Boog Powell,No,17,39,30.9,35,54.2,64.57564576,2042,6681,889,1776,339,1187,20,1001,0.266,0.361,0.462,0.822,134
Bret Boone,No,14,22.8,25.1,24,57,42.10526316,1780,6683,927,1775,252,1021,94,552,0.266,0.325,0.442,0.767,101
Brett Butler,No,17,49.7,35.4,42.6,47.9,88.93528184,2213,8180,1359,2375,54,578,558,1129,0.29,0.377,0.376,0.753,110
Brian Downing,No,20,51.5,28.1,40.3,53.6,75.18656716,2344,7853,1188,2099,275,1073,50,1197,0.267,0.37,0.425,0.796,122
Brooks Robinson,Yes,23,78.4,45.8,62.1,55.7,111.4901257,2896,10654,1232,2848,268,1357,28,860,0.267,0.322,0.401,0.723,104
Bubbles Hargrave,No,12,18.6,17.8,18.2,44.2,41.17647059,852,2533,314,786,29,376,29,217,0.31,0.372,0.452,0.824,118
Buck Ewing,Yes,18,47.7,30.4,39.1,44.2,88.46153846,1315,5363,1129,1625,71,883,354,392,0.303,0.351,0.456,0.807,129
Buck Herzog,No,13,27.4,25.4,26.4,55.3,47.73960217,1493,5284,705,1370,20,449,320,427,0.259,0.329,0.335,0.664,96
Bucky Dent,No,12,17.5,17.2,17.4,55.3,31.46473779,1392,4512,451,1114,40,423,17,328,0.247,0.297,0.321,0.618,74
Bud Harrelson,No,16,20.3,18.2,19.3,55.3,34.9005425,1533,4744,539,1120,7,267,127,633,0.236,0.327,0.288,0.616,76
Buddy Bell,No,18,66.3,40.5,53.4,55.7,95.87073609,2405,8995,1151,2514,201,1106,55,836,0.279,0.341,0.406,0.747,109
Buddy Myer,No,17,46.9,30.7,38.8,57,68.07017544,1923,7038,1174,2131,38,848,157,965,0.303,0.389,0.406,0.795,108
Burgess Whitehead,No,9,5.9,7.7,6.8,57,11.92982456,924,3316,415,883,17,245,51,150,0.266,0.304,0.331,0.634,71
Cal Ripken,Yes,21,95.9,56.3,76.1,55.3,137.6130199,3001,11551,1647,3184,431,1695,36,1129,0.276,0.34,0.447,0.788,112
Cap Anson,Yes,27,94.2,41.8,68,54.2,125.4612546,2524,10281,1999,3435,97,2075,277,984,0.334,0.394,0.447,0.841,142
Carl Furillo,No,15,35.1,26,30.6,57.2,53.4965035,1806,6378,895,1910,192,1058,48,514,0.299,0.355,0.458,0.813,112
Carl Yastrzemski,Yes,23,96.4,55.5,75.9,53.6,141.6044776,3308,11988,1816,3419,452,1844,168,1845,0.285,0.379,0.462,0.841,130
Carlos Beltran,No,20,70.1,44.4,57.3,58.1,98.62306368,2586,9768,1582,2725,435,1587,312,1084,0.279,0.35,0.486,0.837,119
Carlos Delgado,No,17,44.4,34.5,39.5,54.2,72.87822878,2035,7283,1241,2038,473,1512,14,1109,0.28,0.383,0.546,0.929,138
Carlos Lee,No,14,28.3,23.3,25.8,53.6,48.13432836,2009,7983,1125,2273,358,1363,125,655,0.285,0.339,0.483,0.821,113
Carlton Fisk,Yes,24,68.5,37.6,53,44.2,119.9095023,2499,8756,1276,2356,376,1330,128,849,0.269,0.341,0.457,0.797,117
Carney Lansford,No,15,40.4,28.4,34.4,55.7,61.75942549,1862,7158,1007,2074,151,874,224,553,0.29,0.343,0.411,0.753,111
Carson Bigbee,No,11,11.7,13.7,12.7,53.6,23.69402985,1147,4192,629,1205,17,324,182,344,0.287,0.345,0.369,0.713,97
Cecil Fielder,No,13,17.2,17.4,17.4,54.2,32.10332103,1470,5157,744,1313,319,1008,2,693,0.255,0.345,0.482,0.827,119
Cesar Cedeno,No,17,52.8,41.4,47.1,58,81.20689655,2006,7310,1084,2087,199,976,550,664,0.285,0.347,0.443,0.79,123
Charley O'Leary,No,11,0.2,3.5,1.9,55.3,3.435804702,955,3232,317,731,3,220,74,164,0.226,0.27,0.272,0.543,67
Charlie Berry,No,11,5.4,5.8,5.6,44.2,12.66968326,709,2018,196,539,23,256,13,160,0.267,0.322,0.374,0.696,84
Charlie Gehringer,Yes,19,80.7,50.5,65.6,57,115.0877193,2323,8860,1775,2839,184,1427,181,1186,0.32,0.404,0.48,0.884,124
Charlie Gelbert,No,9,9.2,10.2,9.7,55.3,17.54068716,876,2689,398,766,17,350,34,290,0.267,0.336,0.374,0.709,81
Charlie Grimm,No,20,13.4,13.2,13.3,54.2,24.53874539,2166,7917,908,2299,79,1077,57,578,0.29,0.341,0.397,0.738,94
Charlie Irwin,No,10,9.2,9.5,9.3,55.7,16.69658887,991,3685,556,986,16,493,180,287,0.268,0.331,0.345,0.676,82
Charlie Keller,No,13,43.1,38.7,40.9,53.6,76.30597015,1170,3790,725,1085,189,760,45,784,0.285,0.41,0.518,0.928,152
Chet Lemon,No,16,55.6,37.2,46.4,58,80,1988,6868,973,1875,215,884,58,749,0.273,0.355,0.442,0.797,121
Chick Hafey,Yes,13,30.1,27.1,28.6,53.6,53.35820896,1283,4625,777,1466,164,833,70,372,0.317,0.372,0.526,0.898,133
Chico Carrasquel,No,10,21.2,22.4,21.8,55.3,39.42133816,1325,4644,568,1199,55,474,31,491,0.258,0.333,0.342,0.674,82
Chief Zimmer,No,19,22.9,15.9,19.4,44.2,43.89140271,1280,4546,617,1225,26,625,151,390,0.269,0.339,0.369,0.708,96
Chili Davis,No,19,38.2,24.7,31.5,58,54.31034483,2435,8673,1240,2380,350,1372,142,1194,0.274,0.36,0.451,0.811,121
Chipper Jones,Yes,19,85.2,46.8,66,55.7,118.491921,2499,8984,1619,2726,468,1623,150,1512,0.303,0.401,0.529,0.93,141
Chris Speier,No,19,30.6,22.5,26.6,55.3,48.10126582,2260,7156,770,1759,112,720,42,847,0.246,0.327,0.349,0.676,88
Chuck Klein,Yes,17,43.6,36.7,40.1,57.2,70.1048951,1753,6486,1168,2076,300,1201,79,601,0.32,0.379,0.543,0.922,137
Chuck Knoblauch,No,12,44.8,38.6,41.7,57,73.15789474,1632,6366,1132,1839,98,615,407,804,0.289,0.378,0.406,0.783,106
Claude Ritchey,No,13,34.6,25.9,30.2,57,52.98245614,1672,5923,709,1619,18,675,155,607,0.273,0.348,0.342,0.69,102
Clete Boyer,No,16,27.6,23.6,25.6,55.7,45.96050269,1725,5780,645,1396,162,654,41,470,0.242,0.299,0.372,0.67,86
Clint Courtney,No,11,7.2,8.4,7.8,44.2,17.64705882,946,2796,260,750,38,313,3,264,0.268,0.339,0.366,0.705,94
Clyde Milan,No,16,40,28.1,34.1,58,58.79310345,1982,7359,1004,2100,17,617,495,685,0.285,0.353,0.353,0.706,109
Clyde Sukeforth,No,10,0.6,2.2,1.4,44.2,3.167420814,486,1237,122,326,2,96,12,95,0.264,0.319,0.331,0.65,72
Cookie Lavagetto,No,10,11.2,12.1,11.7,55.7,21.005386,1043,3509,487,945,40,486,63,485,0.269,0.36,0.377,0.737,99
Craig Biggio,Yes,20,65.5,41.8,53.7,57,94.21052632,2850,10876,1844,3060,291,1175,414,1160,0.281,0.363,0.433,0.796,112
Curt Flood,No,15,41.9,32.8,37.3,58,64.31034483,1579,6357,851,1861,85,636,88,444,0.293,0.342,0.389,0.732,100
Cy Perkins,No,17,6.8,8.5,7.7,44.2,17.42081448,1171,3604,329,933,30,409,18,301,0.259,0.319,0.352,0.67,76
Cy Williams,No,19,37.1,25.6,31.4,58,54.13793103,2002,6780,1024,1981,252,1005,115,690,0.292,0.365,0.47,0.835,125
Dale Murphy,No,18,46.5,41.2,43.9,58,75.68965517,2180,7960,1197,2111,398,1266,161,986,0.265,0.346,0.469,0.815,121
Dan Brouthers,Yes,19,79.8,47.2,63.5,54.2,117.1586716,1676,6726,1529,2303,107,1301,257,840,0.342,0.423,0.52,0.943,171
Danny Murphy,No,16,35.8,29.3,32.6,57,57.19298246,1496,5399,705,1563,44,702,193,335,0.289,0.336,0.405,0.742,125
Danny Tartabull,No,14,23.3,20.5,21.9,57.2,38.28671329,1406,5011,756,1366,262,925,37,768,0.274,0.368,0.496,0.864,133
Dante Bichette,No,14,5.7,8.1,6.9,57.2,12.06293706,1704,6381,934,1960,274,1141,152,355,0.299,0.336,0.499,0.835,107
Darin Erstad,No,14,32.4,28.9,30.6,58,52.75862069,1654,6024,913,1697,124,699,179,475,0.282,0.336,0.407,0.743,93
Darrell Evans,No,21,58.8,37.3,48.1,55.7,86.35547576,2687,8973,1344,2223,414,1354,98,1605,0.248,0.361,0.431,0.792,119
Darren Daulton,No,14,23,23.7,23.3,44.2,52.71493213,1161,3630,511,891,137,588,50,629,0.245,0.357,0.427,0.784,114
Darryl Strawberry,No,17,42.2,34.8,38.5,57.2,67.30769231,1583,5418,898,1401,335,1000,221,816,0.259,0.357,0.505,0.862,138
Dave Bancroft,Yes,16,48.6,37.2,42.9,55.3,77.57685353,1913,7182,1048,2004,32,591,145,827,0.279,0.355,0.358,0.714,98
Dave Cash,No,12,25.6,21.6,23.6,57,41.40350877,1422,5554,732,1571,21,426,120,424,0.283,0.334,0.358,0.692,93
Dave Concepcion,No,19,40.1,29.9,35,55.3,63.29113924,2488,8723,993,2326,101,950,321,736,0.267,0.322,0.357,0.678,88
Dave Henderson,No,14,27.6,27,27.3,58,47.06896552,1538,5130,710,1324,197,708,50,465,0.258,0.32,0.436,0.756,108
Dave Kingman,No,16,17.3,16,16.7,53.6,31.15671642,1941,6677,901,1575,442,1210,85,608,0.236,0.302,0.478,0.78,115
Dave Parker,No,19,40.1,37.4,38.7,57.2,67.65734266,2466,9358,1272,2712,339,1493,154,683,0.29,0.339,0.471,0.81,121
Dave Robertson,No,9,10.5,11.2,10.9,57.2,19.05594406,804,2830,366,812,47,364,94,113,0.287,0.318,0.409,0.727,116
Dave Winfield,Yes,22,64.2,37.9,51.1,57.2,89.33566434,2973,11003,1669,3110,464,1833,223,1216,0.283,0.353,0.475,0.827,130
Davey Johnson,No,13,27.6,23.4,25.5,57,44.73684211,1435,4797,564,1252,136,609,33,559,0.261,0.34,0.404,0.744,110
Davey Lopes,No,16,42.4,30.2,36.3,57,63.68421053,1812,6354,1023,1671,155,614,557,833,0.263,0.349,0.388,0.737,107
David Eckstein,No,10,20.9,19,20,55.3,36.16636528,1311,5041,701,1414,35,392,123,376,0.28,0.345,0.355,0.701,87
David Justice,No,14,40.6,29.5,35,57.2,61.18881119,1610,5625,929,1571,305,1017,53,903,0.279,0.378,0.5,0.878,129
David Ortiz,Yes,20,55.3,35.2,45.3,54.2,83.57933579,2408,8640,1419,2472,541,1768,17,1319,0.268,0.38,0.552,0.931,141
David Segui,No,15,10.4,13.7,12.1,54.2,22.32472325,1456,4847,683,1412,139,684,17,524,0.291,0.359,0.443,0.802,110
Deacon White,Yes,20,45.7,26.1,35.9,55.7,64.4524237,1560,6624,1140,2067,24,988,70,308,0.312,0.346,0.393,0.74,127
Del Crandall,No,16,28.6,24.6,26.6,44.2,60.18099548,1573,5026,585,1276,179,657,26,424,0.254,0.312,0.404,0.716,96
Del Ennis,No,14,31.1,28.6,29.8,53.6,55.59701493,1903,7254,985,2063,288,1284,45,597,0.284,0.34,0.472,0.812,117
Del Rice,No,17,5.1,6.2,5.7,44.2,12.8959276,1309,3826,342,908,79,441,2,382,0.237,0.312,0.356,0.668,78
Derek Jeter,Yes,20,72.4,42.4,57.4,55.3,103.7974684,2747,11195,1923,3465,260,1311,358,1082,0.31,0.377,0.44,0.817,115
Dick Allen,No,15,58.7,45.9,52.3,55.7,93.89587074,1749,6332,1099,1848,351,1119,133,894,0.292,0.378,0.534,0.912,156
Dick Bartell,No,18,40.2,29.7,35,55.3,63.29113924,2016,7629,1130,2165,79,710,109,748,0.284,0.355,0.391,0.747,96
Dick Groat,No,14,36.7,29.6,33.1,55.3,59.85533454,1929,7484,829,2138,39,707,14,490,0.286,0.33,0.366,0.696,89
Dixie Walker,No,18,42.7,30.3,36.5,57.2,63.81118881,1905,6740,1038,2064,105,1023,59,817,0.306,0.383,0.437,0.82,121
Doc Cramer,No,20,8.4,11.1,9.7,58,16.72413793,2239,9140,1357,2705,37,842,62,572,0.296,0.34,0.375,0.715,87
Dode Paskert,No,15,24.8,20.9,22.8,58,39.31034483,1716,6017,868,1613,42,577,293,715,0.268,0.35,0.361,0.711,108
Dolph Camilli,No,12,42.8,39.5,41.2,54.2,76.01476015,1490,5353,936,1482,239,950,60,947,0.277,0.388,0.492,0.88,135
Dom DiMaggio,No,11,32,26.7,29.3,58,50.51724138,1399,5640,1046,1680,87,618,100,750,0.298,0.383,0.419,0.802,110
Don Baylor,No,19,28.5,21.7,25.1,53.6,46.82835821,2292,8198,1236,2135,338,1276,285,805,0.26,0.342,0.436,0.777,118
Don Kessinger,No,16,9,11.3,10.1,55.3,18.26401447,2078,7651,899,1931,14,527,100,684,0.252,0.314,0.312,0.626,73
Don Mattingly,No,14,42.4,35.7,39.1,54.2,72.1402214,1785,7003,1007,2153,222,1099,14,588,0.307,0.358,0.471,0.83,127
Don Money,No,16,36.5,27.6,32,55.7,57.45062837,1720,6215,798,1623,176,729,80,600,0.261,0.328,0.406,0.734,106
Donie Bush,No,16,39.3,33.7,36.5,55.3,66.00361664,1945,7210,1280,1804,9,445,406,1158,0.25,0.356,0.3,0.656,91
Dots Miller,No,12,18.3,19.4,18.9,57,33.15789474,1589,5805,711,1526,32,714,177,391,0.263,0.314,0.357,0.671,96
Doug DeCinces,No,15,41.7,31.4,36.5,55.7,65.52962298,1649,5809,778,1505,237,879,58,618,0.259,0.329,0.445,0.774,115
Duffy Lewis,No,11,21.3,21.2,21.2,53.6,39.55223881,1459,5351,612,1518,38,791,113,352,0.284,0.333,0.384,0.717,108
Duke Snider,Yes,18,66.3,49.9,58.1,58,100.1724138,2143,7161,1259,2116,407,1333,99,971,0.295,0.38,0.54,0.919,140
Dusty Baker,No,19,37,26.2,31.6,53.6,58.95522388,2039,7117,964,1981,242,1013,137,762,0.278,0.347,0.432,0.779,116
Dwight Evans,No,20,67.1,37.3,52.2,57.2,91.25874126,2606,8996,1470,2446,385,1384,78,1391,0.272,0.37,0.47,0.84,127
Earl Averill,Yes,13,48,37.3,42.7,58,73.62068966,1669,6353,1224,2019,238,1164,70,774,0.318,0.395,0.534,0.928,133
Earl Smith,No,12,14.4,13.2,13.8,44.2,31.22171946,860,2264,225,686,46,355,18,247,0.303,0.374,0.432,0.806,111
Earl Torgeson,No,15,32.9,25.3,29.1,54.2,53.6900369,1668,4969,848,1318,149,740,133,980,0.265,0.385,0.417,0.802,117
Earle Combs,Yes,12,42.5,34.3,38.4,58,66.20689655,1455,5746,1186,1866,58,633,98,670,0.325,0.397,0.462,0.859,125
Ed Delahanty,Yes,16,69.7,48.6,59.1,53.6,110.261194,1837,7510,1600,2597,101,1466,456,742,0.346,0.411,0.505,0.917,152
Edd Roush,Yes,18,45.3,31.5,38.4,58,66.20689655,1967,7363,1099,2376,68,981,268,484,0.323,0.369,0.446,0.815,126
Eddie Collins,Yes,25,124,64.3,94.1,57,165.0877193,2826,9949,1821,3315,47,1299,741,1499,0.33,0.424,0.429,0.853,141
Eddie Foster,No,13,24,21.1,22.5,55.7,40.39497307,1500,5652,732,1490,6,451,195,528,0.264,0.329,0.326,0.655,88
Eddie Grant,No,10,4.5,5.4,5,55.7,8.976660682,990,3385,399,844,5,277,153,233,0.249,0.3,0.295,0.595,78
Eddie Matthews,Yes,15,96.6,54.5,75.6,55.7,135.7271095,2391,8537,1509,2315,512,1453,68,1444,0.271,0.376,0.509,0.855,143
Eddie Murray,Yes,21,68.7,39.1,53.9,54.2,99.44649446,3026,11336,1627,3255,504,1917,110,1333,0.287,0.359,0.476,0.836,129
Eddie Stanky,No,11,39.3,35.7,37.5,57,65.78947368,1259,4301,811,1154,29,364,48,996,0.268,0.41,0.348,0.758,109
Edgar Martinez,Yes,18,68.4,43.7,56,55.7,100.5385996,2055,7213,1219,2247,309,1261,49,1283,0.312,0.418,0.515,0.933,147
Edgar Renteria,No,16,32.3,25.6,29,55.3,52.44122966,2152,8142,1200,2327,140,923,294,718,0.286,0.343,0.398,0.741,94
Ellis Burks,No,18,49.8,32,40.9,58,70.51724138,2000,7232,1253,2107,352,1206,181,793,0.291,0.363,0.51,0.874,126
Ellis Valentine,No,10,17.1,17.4,17.3,57.2,30.24475524,894,3166,380,881,123,474,59,180,0.278,0.315,0.458,0.773,113
Elmer Flick,Yes,13,53.2,41.3,47.3,57.2,82.69230769,1483,5597,950,1752,48,756,330,597,0.313,0.389,0.445,0.834,149
Elmer Valo,No,20,28.1,22.2,25.2,57.2,44.05594406,1806,5029,768,1420,58,601,110,942,0.282,0.398,0.391,0.79,115
Elston Howard,No,14,27,26.4,26.7,44.2,60.40723982,1605,5363,619,1471,167,762,9,373,0.274,0.322,0.427,0.749,108
Enos Slaughter,Yes,19,55.3,35.2,45.3,57.2,79.1958042,2380,7946,1247,2383,169,1304,71,1018,0.3,0.382,0.453,0.834,124
Eric Chavez,No,17,37.5,31.1,34.3,55.7,61.57989228,1615,5518,816,1477,260,902,50,639,0.268,0.342,0.475,0.818,115
Eric Davis,No,17,36.1,30.1,33.1,58,57.06896552,1626,5321,938,1430,282,934,349,740,0.269,0.359,0.482,0.841,125
Eric Karros,No,14,10.4,13.6,12,54.2,22.1402214,1755,6441,797,1724,284,1027,59,552,0.268,0.325,0.454,0.779,107
Eric Young,No,15,18.8,16.8,17.8,57,31.22807018,1730,6119,996,1731,79,543,465,660,0.283,0.359,0.39,0.749,92
Ernie Banks,Yes,19,67.5,51.9,59.7,55.3,107.9566004,2528,9421,1035,2583,512,1636,50,763,0.274,0.33,0.5,0.83,122
Ernie Lombardi,Yes,17,45.9,27.8,36.9,44.2,83.4841629,1853,5855,601,1792,190,990,8,430,0.306,0.358,0.46,0.818,126
Everett Scott,No,13,16.2,15.8,16,55.3,28.93309222,1654,5837,552,1455,20,555,69,243,0.249,0.281,0.315,0.596,65
Felipe Alou,No,17,42.2,33.9,38,57.2,66.43356643,2082,7339,985,2102,206,852,107,423,0.286,0.328,0.433,0.761,113
Felix Millan,No,12,17.6,17.9,17.7,57,31.05263158,1480,5791,699,1617,22,403,67,318,0.279,0.322,0.343,0.665,87
Fielder Jones,No,15,43.2,28.7,36,58,62.06896552,1788,6747,1180,1920,21,631,359,817,0.285,0.368,0.347,0.715,112
Frank Chance,Yes,17,45.6,35.6,40.6,54.2,74.90774908,1288,4299,798,1274,20,596,403,556,0.296,0.394,0.394,0.788,135
Frank Howard,No,16,37.6,29.1,33.4,53.6,62.31343284,1895,6488,864,1774,382,1119,8,782,0.273,0.352,0.499,0.851,142
Frank McCormick,No,13,34.9,28.4,31.6,54.2,58.30258303,1534,5723,722,1711,128,954,27,399,0.299,0.348,0.434,0.781,118
Frank Robinson,Yes,21,107.3,52.9,80.1,57.2,140.034965,2808,10006,1829,2943,586,1812,204,1420,0.294,0.389,0.537,0.926,154
Frank Schulte,No,15,23.8,19.6,21.7,57.2,37.93706294,1806,6533,906,1766,92,793,233,545,0.27,0.332,0.395,0.726,115
Frank Thomas,Yes,19,73.9,45.4,59.6,54.2,109.9630996,2322,8199,1494,2468,521,1704,32,1667,0.301,0.419,0.555,0.975,156
Frank White,No,18,34.8,23.6,29.2,57,51.22807018,2324,7859,912,2006,160,886,178,412,0.255,0.293,0.383,0.675,85
Frankie Crosetti,No,17,23.9,19.1,21.5,55.3,38.87884268,1683,6277,1006,1541,98,649,113,792,0.245,0.341,0.354,0.695,83
Frankie Frisch,Yes,19,70.4,44.4,57.4,57,100.7017544,2311,9112,1532,2880,105,1244,419,728,0.316,0.369,0.432,0.801,110
Frankie Gustine,No,12,7.8,10.8,9.3,55.7,16.69658887,1261,4582,553,1214,38,480,60,369,0.265,0.322,0.359,0.681,87
Fred Clarke,Yes,21,67.9,36.2,52.1,53.6,97.20149254,2246,8584,1622,2678,67,1015,509,875,0.312,0.386,0.429,0.814,133
Fred Lynn,No,17,50.2,38.4,44.3,58,76.37931034,1969,6925,1063,1960,306,1111,72,857,0.283,0.36,0.484,0.845,129
Fred McGriff,Yes,19,52.6,36,44.3,54.2,81.73431734,2460,8757,1349,2490,493,1550,72,1305,0.284,0.377,0.509,0.886,134
Fred Tenney,No,17,43.6,28.6,36.1,54.2,66.60516605,1994,7595,1278,2231,22,688,285,874,0.294,0.371,0.358,0.73,110
Freddie Lindstrom,Yes,13,28.4,26.3,27.3,55.7,49.01256732,1438,5611,895,1747,103,779,84,334,0.311,0.351,0.449,0.8,110
Freddy Leach,No,10,8,9.9,8.9,53.6,16.60447761,991,3733,543,1147,72,509,32,163,0.307,0.341,0.446,0.787,101
Gabby Hartnett,Yes,20,53.4,30.3,41.9,44.2,94.79638009,1990,6432,867,1912,236,1179,28,703,0.297,0.37,0.489,0.858,126
Gabby Street,No,8,4.1,4.5,4.3,44.2,9.728506787,504,1501,98,312,2,105,17,119,0.208,0.273,0.256,0.529,66
Garret Anderson,No,17,25.7,22.8,24.2,53.6,45.14925373,2228,8640,1084,2529,287,1365,80,429,0.293,0.324,0.461,0.785,102
Garry Templeton,No,16,27.9,23.7,25.8,55.3,46.65461121,2079,7721,893,2096,70,728,242,375,0.271,0.304,0.369,0.673,87
Gary Carter,Yes,19,70.1,48.4,59.3,44.2,134.1628959,2296,7971,1025,2092,324,1225,39,848,0.262,0.335,0.439,0.773,115
Gary Gaetti,No,20,42.1,25.3,33.7,55.7,60.502693,2507,8951,1130,2280,360,1341,96,634,0.255,0.308,0.434,0.741,97
Gary Sheffield,No,22,60.5,38,49.3,57.2,86.18881119,2576,9217,1636,2689,509,1676,253,1475,0.292,0.393,0.514,0.907,140
Gates Brown,No,13,9.9,10.8,10.4,53.6,19.40298507,1051,2262,330,582,84,322,30,242,0.257,0.33,0.42,0.75,110
Gavvy Cravath,No,11,33,30,31.5,57.2,55.06993007,1220,3951,575,1134,119,719,89,561,0.287,0.38,0.478,0.858,151
Gene Tenace,No,15,46.8,35,40.9,44.2,92.53393665,1555,4390,653,1060,201,673,36,984,0.241,0.388,0.429,0.817,136
George Bell,No,12,20,21.5,20.8,53.6,38.80597015,1587,6123,814,1702,265,1002,67,331,0.278,0.316,0.469,0.785,113
George Brett,Yes,21,88.7,53.3,71,55.7,127.4685817,2707,10349,1583,3154,317,1596,201,1096,0.305,0.369,0.487,0.857,135
George Burns,No,15,39.4,32.6,36,53.6,67.1641791,1853,7241,1188,2077,41,611,383,872,0.287,0.366,0.384,0.749,114
George Case,No,11,15.3,16.3,15.8,53.6,29.47761194,1226,5016,785,1415,21,377,349,426,0.282,0.341,0.358,0.699,95
George Davis,Yes,20,84.7,44.4,64.5,55.3,116.636528,2372,9045,1545,2665,73,1440,619,874,0.295,0.362,0.405,0.767,121
George Foster,No,18,44.2,36.9,40.5,53.6,75.55970149,1977,7023,986,1925,348,1239,51,666,0.274,0.338,0.48,0.818,126
George Grantham,No,13,32.4,24.6,28.5,57,50,1444,4989,912,1508,105,712,132,717,0.302,0.392,0.461,0.854,122
George Kell,Yes,15,37.4,27.7,32.6,55.7,58.52782765,1795,6702,880,2054,78,870,51,621,0.306,0.367,0.414,0.781,112
George Scott,No,14,36.5,30.3,33.4,54.2,61.62361624,2034,7433,957,1992,271,1051,69,699,0.268,0.333,0.435,0.767,114
George Selkirk,No,9,22.1,22.2,22.2,57.2,38.81118881,846,2790,503,810,108,576,49,486,0.29,0.4,0.483,0.883,127
George Sisler,Yes,15,54,47,50.5,54.2,93.17343173,2055,8267,1284,2812,102,1178,375,472,0.34,0.379,0.468,0.847,125
Germany Schaefer,No,15,8.9,11.3,10.1,57,17.71929825,1150,3784,495,972,9,309,201,333,0.257,0.319,0.32,0.639,97
Gil Hodges,Yes,18,44.9,34.2,39.6,54.2,73.06273063,2071,7030,1105,1921,370,1274,63,943,0.273,0.359,0.487,0.846,120
Gil McDougald,No,10,40.7,32.1,36.4,57,63.85964912,1336,4676,697,1291,112,576,45,559,0.276,0.356,0.41,0.766,111
Ginger Beaumont,No,12,30.4,26.3,28.3,58,48.79310345,1463,5660,955,1759,39,617,254,425,0.311,0.362,0.393,0.755,123
Glenn Beckert,No,11,15.6,17.1,16.4,57,28.77192982,1320,5208,685,1473,22,360,49,260,0.283,0.318,0.345,0.663,82
Glenn Wright,No,11,25.3,24.4,24.9,55.3,45.02712477,1119,4153,584,1219,94,723,38,209,0.294,0.328,0.447,0.775,99
Goose Goslin,Yes,18,66.1,43.4,54.7,53.6,102.0522388,2287,8656,1482,2735,248,1612,176,949,0.316,0.387,0.5,0.887,128
Grady Hatton,No,12,17.6,15.9,16.8,55.7,30.16157989,1312,4206,562,1068,91,533,42,646,0.254,0.354,0.374,0.728,96
Graig Nettles,No,22,68,42.4,55.2,55.7,99.10233393,2700,8986,1193,2225,390,1314,32,1088,0.248,0.329,0.421,0.75,110
Greg Luzinski,No,15,26.3,22.4,24.3,53.6,45.3358209,1821,6505,880,1795,307,1128,37,845,0.276,0.363,0.478,0.84,130
Gregg Jefferies,No,14,19.6,16.2,17.9,54.2,33.02583026,1465,5520,761,1593,126,663,196,472,0.289,0.344,0.421,0.765,107
Gus Mancuso,No,17,11.6,12,11.8,44.2,26.69683258,1460,4505,386,1194,53,543,8,418,0.265,0.328,0.351,0.679,84
Gus Suhr,No,11,23.1,21.1,22.1,54.2,40.77490775,1435,5176,714,1446,84,818,53,718,0.279,0.368,0.428,0.796,113
Hack Miller,No,6,5.7,5.7,5.7,53.6,10.63432836,349,1200,164,387,38,205,10,64,0.323,0.361,0.49,0.851,121
Hack Wilson,Yes,12,38.9,35.8,37.3,58,64.31034483,1348,4760,884,1461,244,1063,52,674,0.307,0.395,0.545,0.94,144
Hal Chase,No,15,22.8,18,20.4,54.2,37.63837638,1919,7417,980,2158,57,941,363,276,0.291,0.319,0.391,0.71,112
Hal Lanier,No,10,-0.9,2.5,0.8,55.3,1.446654611,1196,3703,297,843,8,273,11,136,0.228,0.255,0.275,0.529,50
Hal Morris,No,13,13.4,13.5,13.4,54.2,24.72324723,1246,3998,535,1216,76,513,45,356,0.304,0.361,0.433,0.794,111
Hank Aaron,Yes,23,143,60.3,101.7,57.2,177.7972028,3298,12364,2174,3771,755,2297,240,1402,0.305,0.374,0.55,0.928,155
Hank Bauer,No,14,27.3,25.6,26.4,57.2,46.15384615,1544,5145,833,1424,164,703,50,521,0.277,0.346,0.439,0.785,113
Hank Edwards,No,11,10.1,10.6,10.3,57.2,18.00699301,735,2191,285,613,51,276,9,208,0.28,0.343,0.44,0.783,118
Hank Gowdy,No,17,18.2,13.7,16,44.2,36.19909502,1050,2735,270,738,21,321,59,311,0.27,0.351,0.358,0.709,104
Hank Greenberg,Yes,13,57.6,47.7,52.6,54.2,97.04797048,1394,5193,1046,1628,331,1274,58,852,0.313,0.412,0.605,1.017,158
Hank Sauer,No,15,25.5,22.6,24.1,53.6,44.96268657,1399,4796,709,1278,288,876,11,561,0.266,0.347,0.496,0.843,123
Hank Severeid,No,15,20.1,16.7,18.4,44.2,41.62895928,1390,4312,408,1245,17,538,35,331,0.289,0.342,0.367,0.709,92
Hans Lobert,No,14,23.1,20.4,21.8,55.7,39.13824057,1317,4563,640,1252,32,481,316,395,0.274,0.337,0.366,0.703,109
Harmon Killebrew,Yes,22,60.4,38.1,49.3,54.2,90.95940959,2435,8147,1283,2086,573,1584,19,1559,0.256,0.376,0.509,0.884,143
Harold Baines,Yes,22,38.7,21.4,30.1,57.2,52.62237762,2830,9908,1299,2866,384,1628,34,1062,0.289,0.356,0.465,0.82,121
Harry Danning,No,10,15.5,15.8,15.7,44.2,35.52036199,890,2971,363,847,57,397,13,187,0.285,0.33,0.415,0.745,104
Harry Davis,No,22,38.6,28.4,33.5,54.2,61.80811808,1755,6653,1001,1841,75,951,285,525,0.277,0.335,0.408,0.743,119
Harry Heilmann,Yes,17,72.2,47.1,59.7,57.2,104.3706294,2147,7787,1291,2660,183,1543,113,856,0.342,0.41,0.52,0.93,148
Harry Hooper,Yes,17,53.4,30,41.7,57.2,72.9020979,2309,8785,1429,2466,75,816,375,1136,0.281,0.368,0.387,0.755,114
Harry Steinfeldt,No,14,30.7,26.2,28.5,55.7,51.16696589,1647,5900,759,1578,27,762,202,471,0.267,0.33,0.36,0.69,102
Harry Walker,No,11,10.9,11.7,11.3,58,19.48275862,807,2651,385,786,10,214,42,245,0.296,0.358,0.383,0.741,103
Havey Kuenn,No,15,26,22.1,24,55.3,43.39963834,1833,6913,950,2092,87,671,68,594,0.303,0.357,0.408,0.765,108
Heinie Groh,No,16,48.2,35.5,41.9,55.7,75.22441652,1676,6074,918,1774,26,566,180,696,0.292,0.373,0.384,0.757,118
Heinie Manush,Yes,17,45.8,34.7,40.2,53.6,75,2008,7654,1288,2524,110,1183,113,506,0.33,0.377,0.479,0.856,121
Heinie Peitz,No,16,19.2,13.9,16.5,44.2,37.33031674,1235,4124,532,1117,16,560,91,410,0.271,0.342,0.361,0.703,93
Herman Long,No,16,37.1,24.9,31,55.3,56.05786618,1875,7678,1456,2129,91,1055,537,612,0.277,0.335,0.383,0.718,94
Hideki Matsui,No,10,21.2,21.3,21.3,53.6,39.73880597,1236,4442,656,1253,175,760,13,547,0.282,0.36,0.462,0.822,118
High Pockets Kelly,Yes,16,25.3,24,24.6,54.2,45.38745387,1622,5993,819,1778,148,1020,65,386,0.297,0.342,0.452,0.794,109
Home Run Baker,Yes,13,62.8,46.8,54.8,55.7,98.38420108,1575,5984,887,1838,96,991,235,473,0.307,0.363,0.442,0.805,135
Honus Wagner,Yes,21,130.9,65.4,98.1,55.3,177.3960217,2794,10439,1739,3420,101,1732,723,693,0.328,0.391,0.467,0.858,151
Hugh Duffy,Yes,17,43.1,30.9,37,58,63.79310345,1737,7044,1554,2293,106,1302,574,664,0.326,0.386,0.451,0.837,123
Hughie Critz,No,12,15.1,16.8,16,57,28.07017544,1478,5930,832,1591,38,531,97,289,0.268,0.303,0.352,0.656,73
Hughie Jennings,Yes,18,42.3,39,40.7,55.3,73.59855335,1284,4895,992,1526,18,840,359,347,0.312,0.391,0.406,0.797,118
Ira Thomas,No,10,6.1,6.3,6.2,44.2,14.02714932,484,1352,124,327,3,155,20,82,0.242,0.296,0.308,0.604,82
Ivan Rodriguez,Yes,21,68.7,39.8,54.3,44.2,122.8506787,2543,9592,1354,2844,311,1332,127,513,0.296,0.334,0.464,0.798,106
Jack Barry,No,11,25.9,24.6,25.3,55.3,45.75045208,1223,4146,532,1009,10,429,153,396,0.243,0.321,0.303,0.624,88
Jack Clark,No,18,53.1,31.4,42.2,57.2,73.77622378,1994,6847,1118,1826,340,1180,77,1262,0.267,0.379,0.476,0.854,137
Jack Daubert,No,15,39,25.7,32.3,54.2,59.59409594,2014,7673,1117,2326,56,722,251,623,0.303,0.36,0.401,0.76,117
Jackie Jensen,No,11,27.9,24.8,26.3,57.2,45.97902098,1438,5236,810,1463,199,929,143,750,0.279,0.369,0.46,0.829,120
Jackie Robinson,Yes,10,61.4,52,56.7,57,99.47368421,1382,4877,947,1518,137,734,197,740,0.311,0.409,0.474,0.883,132
Jacque Jones,No,10,11.6,13.2,12.4,53.6,23.13432836,1302,4594,632,1272,165,630,82,314,0.277,0.326,0.448,0.775,98
Jake Beckley,Yes,20,61.6,29.9,45.7,54.2,84.31734317,2392,9551,1603,2938,87,1581,315,616,0.308,0.361,0.436,0.797,125
Jake Daubert,No,15,39,25.7,32.3,54.2,59.59409594,2014,7673,1117,2326,56,722,252,623,0.303,0.36,0.401,0.76,117
Jake Stahl,No,9,16.6,17.2,16.9,54.2,31.18081181,981,3425,405,894,31,437,178,221,0.261,0.323,0.382,0.706,120
Jason Giambi,No,20,50.5,42.2,46.4,54.2,85.60885609,2260,7267,1227,2010,440,1441,20,1366,0.277,0.399,0.516,0.916,139
Jason Kendall,No,15,41.7,30.4,36,44.2,81.4479638,2085,7627,1030,2195,75,744,189,721,0.288,0.366,0.378,0.744,95
Jason Varitek,No,15,24.2,18.8,21.5,44.2,48.64253394,1546,5099,664,1307,193,757,25,614,0.256,0.341,0.435,0.776,99
Javy Lopez ,No,15,29.7,24.9,27.3,44.2,61.76470588,1503,5319,674,1527,260,864,8,357,0.287,0.337,0.491,0.828,112
Jay Bell,No,18,37.2,31.6,34.4,55.3,62.20614828,2063,7398,1123,1963,195,860,91,853,0.265,0.343,0.416,0.759,101
Jeff Bagwell,Yes,15,79.9,48.3,64.1,54.2,118.2656827,2150,7797,1517,2314,449,1529,202,1401,0.297,0.408,0.54,0.948,149
Jeff Burroughs,No,16,17.8,16.4,17.1,57.2,29.8951049,1689,5536,720,1443,240,882,16,831,0.261,0.355,0.439,0.795,121
Jeff Kent,No,17,55.4,35.7,45.6,57,80,2298,8498,1320,2461,377,1518,94,801,0.29,0.356,0.5,0.855,123
Jerry Remy,No,10,14.6,13.5,14,57,24.56140351,1154,4455,605,1226,7,329,208,356,0.275,0.327,0.328,0.656,82
Jesse Burkett,Yes,16,62.7,37.2,49.9,53.6,93.09701493,2067,8426,1720,2850,75,952,389,1029,0.338,0.415,0.446,0.861,140
Jesus Alou,No,15,0.7,5.6,3.2,57.2,5.594405594,1380,4345,448,1216,32,377,31,138,0.28,0.305,0.353,0.658,86
Jewel Ens,No,4,0,0,0,54.2,0,67,186,25,54,1,24,5,7,0.29,0.323,0.392,0.716,84
Jim Bottomley,Yes,16,35.3,28.8,32.1,54.2,59.22509225,1991,7471,1177,2314,219,1422,58,664,0.31,0.369,0.5,0.869,125
Jim Edmonds,No,17,60.4,42.6,51.5,58,88.79310345,2011,6858,1251,1949,393,1199,67,998,0.284,0.376,0.527,0.903,132
Jim Eisenreich,No,15,13.2,14.5,13.9,57.2,24.3006993,1422,3995,492,1160,52,477,105,324,0.29,0.341,0.404,0.746,103
Jim Fregosi,No,18,48.7,41,44.8,55.3,81.01265823,1902,6523,844,1726,151,706,76,715,0.265,0.338,0.398,0.736,113
Jim Hegan,No,17,3.7,5.6,4.6,44.2,10.40723982,1666,4772,550,1087,92,525,15,456,0.228,0.295,0.344,0.639,74
Jim Hickman,No,13,13.1,12.5,12.8,58,22.06896552,1421,3974,518,1002,159,560,17,491,0.252,0.335,0.426,0.76,108
Jim Northrup,No,12,22.2,21.5,21.8,57.2,38.11188811,1392,4692,603,1254,153,610,39,449,0.267,0.333,0.429,0.763,116
Jim O'Rourke,Yes,23,51.5,24.2,37.9,53.6,70.70895522,1999,8503,1729,2639,62,1208,229,513,0.31,0.352,0.422,0.775,134
Jim Rice,Yes,16,47.7,36.4,42.1,53.6,78.54477612,2089,8255,1249,2452,382,1451,58,670,0.298,0.352,0.502,0.854,128
Jim Sundberg,No,16,40.5,28.7,34.6,44.2,78.28054299,1962,6021,621,1493,95,624,20,699,0.248,0.327,0.348,0.674,90
Jim Thome,Yes,22,72.9,41.5,57.2,54.2,105.5350554,2543,8422,1583,2328,612,1699,19,1747,0.276,0.402,0.554,0.956,147
Jimmie Foxx,Yes,20,96.1,59.5,77.8,54.2,143.5424354,2317,8134,1751,2646,534,1922,87,1452,0.325,0.428,0.609,1.038,163
Jimmie Wilson,No,18,9.3,8.7,9,44.2,20.36199095,1525,4778,580,1358,32,621,86,356,0.284,0.336,0.37,0.707,82
Jimmy Archer,No,12,5.4,5.9,5.7,44.2,12.8959276,847,2646,247,660,16,299,36,124,0.249,0.288,0.33,0.621,80
Jimmy Austin,No,18,22.8,18,20.4,55.7,36.62477558,1580,5388,661,1328,13,390,244,592,0.246,0.326,0.314,0.64,90
Jimmy Collins,Yes,14,53.3,38.5,45.9,55.7,82.40574506,1725,6795,1055,1999,65,983,194,426,0.294,0.343,0.409,0.752,113
Jimmy Dykes,No,22,35.3,21.3,28.3,55.7,50.80789946,2282,8046,1108,2256,108,1069,70,958,0.28,0.365,0.399,0.764,96
Jimmy Rollins,No,17,47.6,32.7,40.1,55.5,72.25225225,2275,9294,1421,2455,231,936,470,813,0.264,0.324,0.418,0.743,95
Jimmy Sheckard,No,17,49.5,33.1,41.3,53.6,77.05223881,2122,7605,1296,2084,56,810,465,1135,0.274,0.375,0.378,0.753,121
Jo-Jo Moore,No,12,17,16,16.5,53.6,30.78358209,1335,5427,809,1615,79,513,46,348,0.298,0.344,0.408,0.752,104
Joe Boley,No,6,3.4,3.4,3.4,55.3,6.148282098,540,1780,203,478,7,227,15,130,0.269,0.323,0.354,0.677,72
Joe Carter,No,16,19.6,21.5,20.5,57.2,35.83916084,2189,8422,1170,2184,396,1445,231,526,0.259,0.306,0.464,0.771,105
Joe Cronin,Yes,20,66.4,43.9,55.2,55.3,99.81916817,2124,7579,1233,2285,170,1424,87,1059,0.301,0.39,0.468,0.857,119
Joe DiMaggio,Yes,13,78.1,51,64.5,58,111.2068966,1736,6821,1390,2214,361,1537,30,790,0.325,0.398,0.579,0.977,155
Joe Dugan,No,14,9.4,10.5,9.9,55.7,17.77378815,1447,5410,665,1516,42,567,37,250,0.28,0.317,0.372,0.689,82
Joe Gordon,Yes,11,57.2,45.8,51.5,57,90.35087719,1566,5707,914,1530,253,975,89,759,0.268,0.357,0.466,0.822,120
Joe Judge,No,20,47,26.4,36.7,54.2,67.71217712,2171,7898,1184,2352,71,1034,213,965,0.298,0.378,0.42,0.798,114
Joe Kelley,Yes,17,50.7,36.3,43.5,53.6,81.15671642,1853,7006,1421,2220,65,1194,443,911,0.317,0.402,0.451,0.853,134
Joe Kuhel,No,18,26.6,21.7,24.2,54.2,44.64944649,2104,7984,1236,2212,131,1049,178,980,0.277,0.359,0.406,0.765,104
Joe Medwick,Yes,17,55.6,39.7,47.7,53.6,88.99253731,1984,7635,1198,2471,205,1383,42,437,0.324,0.362,0.505,0.867,134
Joe Morgan,Yes,22,100.6,59.3,79.9,57,140.1754386,2649,9277,1650,2517,268,1133,689,1865,0.271,0.392,0.427,0.819,132
Joe Sewell,Yes,14,53.7,37.3,45.5,55.3,82.27848101,1903,7132,1141,2226,49,1054,74,842,0.312,0.391,0.413,0.804,108
Joe Tinker,Yes,15,53.1,32.9,43,55.3,77.75768535,1806,6441,774,1690,31,785,336,416,0.262,0.308,0.353,0.661,96
Joe Torre,No,18,57.6,37.2,47.4,54.2,87.45387454,2209,7874,996,2342,252,1185,23,779,0.297,0.365,0.452,0.817,129
John Kruk,No,10,25.1,22.8,23.9,54.2,44.09594096,1200,3897,582,1170,100,592,58,649,0.3,0.397,0.446,0.842,134
John Lowenstein,No,16,10,12.2,11.1,53.6,20.70895522,1368,3476,510,881,116,441,128,446,0.253,0.337,0.403,0.741,108
John Olerud,No,17,58.2,39,48.6,54.2,89.66789668,2234,7592,1139,2239,255,1230,11,1275,0.295,0.398,0.465,0.863,129
Johnny Bench,Yes,17,75.2,47.2,61.2,44.2,138.4615385,2158,7658,1091,2048,389,1376,68,891,0.267,0.342,0.476,0.817,126
Johnny Callison,No,16,38.5,34.4,36.5,57.2,63.81118881,1886,6652,926,1757,226,840,74,650,0.264,0.331,0.441,0.773,115
Johnny Damon,No,18,56.4,33,44.7,58,77.06896552,2490,9736,1668,2769,235,1139,408,1003,0.284,0.352,0.433,0.785,104
Johnny Evers,Yes,18,47.7,33.4,40.5,57,71.05263158,1784,6137,919,1659,12,536,324,778,0.27,0.356,0.334,0.69,106
Johnny Kling,No,13,24.9,22.4,23.6,44.2,53.39366516,1261,4246,475,1154,20,514,124,282,0.272,0.319,0.357,0.676,100
Johnny Mize,Yes,15,70.9,48.7,59.8,54.2,110.3321033,1884,6443,1118,2011,359,1337,28,856,0.312,0.397,0.562,0.959,158
Johnny Mostil,No,10,24.2,24.5,24.3,58,41.89655172,972,3507,618,1054,23,375,176,415,0.301,0.386,0.427,0.812,113
Johnny Pesky,No,10,31.9,31.1,31.5,55.3,56.96202532,1270,4745,867,1455,17,404,53,662,0.307,0.394,0.386,0.78,107
Jorge Posada,No,17,42.8,32.7,37.7,44.2,85.29411765,1829,6092,900,1664,275,1065,20,936,0.273,0.374,0.474,0.848,121
Jose Canseco,No,17,42.5,29.7,36.1,57.2,63.11188811,1887,7057,1186,1877,462,1407,200,906,0.266,0.353,0.515,0.867,132
Jose Cardenal,No,18,20.7,17.2,18.9,58,32.5862069,2017,6964,936,1913,138,775,329,608,0.275,0.333,0.395,0.728,103
Jose Cruz,No,19,54.4,36.3,45.4,53.6,84.70149254,2353,7917,1036,2251,165,1077,317,898,0.284,0.354,0.42,0.774,120
JT Snow,No,16,11,12.8,11.9,54.2,21.95571956,1716,5641,798,1509,189,877,20,760,0.268,0.357,0.427,0.784,105
Juan Gonzalez,No,17,38.7,29.2,33.9,57.2,59.26573427,1689,6556,1061,1936,434,1404,26,457,0.295,0.343,0.561,0.904,132
Juan Samuel,No,16,17,17.7,17.3,57,30.35087719,1720,6081,873,1578,161,703,396,440,0.259,0.315,0.42,0.735,101
Julio Franco,No,23,43.5,30.8,37.2,57,65.26315789,2527,8677,1285,2586,173,1194,281,917,0.298,0.365,0.417,0.782,111
Justin Morneau,No,14,27,24.4,25.7,54.2,47.41697417,1545,5699,772,1603,247,985,5,573,0.281,0.348,0.481,0.828,120
Keith Hernandez,No,17,60.4,41.3,50.8,54.2,93.72693727,2088,7370,1124,2182,162,1071,98,1070,0.296,0.384,0.436,0.821,128
Ken Boyer,No,15,62.8,46.3,54.6,55.7,98.02513465,2034,7455,1104,2143,282,1141,105,713,0.287,0.349,0.462,0.81,116
Ken Caminiti,No,15,33.5,29.8,31.7,55.7,56.91202873,1760,6288,894,1710,239,983,88,727,0.272,0.347,0.447,0.794,116
Ken Griffey Jr,Yes,22,83.8,54,68.9,58,118.7931034,2671,9801,1662,2781,630,1836,184,1312,0.284,0.37,0.538,0.907,136
Ken Griffey Sr,No,19,34.5,23.6,29.1,57.2,50.87412587,2097,7229,1129,2143,152,859,200,719,0.296,0.359,0.431,0.79,118
Ken Keltner,No,13,33.8,28.8,31.3,55.7,56.19389587,1526,5683,737,1570,163,852,39,514,0.276,0.338,0.441,0.778,112
Ken Williams,No,14,42.6,36.5,39.6,53.6,73.88059701,1397,4862,860,1552,196,916,154,566,0.319,0.393,0.53,0.924,138
Kenny Lofton,No,17,68.3,43.4,55.9,58,96.37931034,2103,8120,1528,2428,130,781,622,945,0.299,0.372,0.423,0.794,107
Kent Hrbek,No,14,38.6,27.5,33.1,54.2,61.0701107,1747,6192,903,1749,293,1086,37,838,0.282,0.367,0.481,0.848,128
Kevin Mitchell,No,13,29.1,26.5,27.8,53.6,51.86567164,1223,4134,630,1173,234,760,30,491,0.284,0.36,0.52,0.88,142
Kid Elberfield,No,13,33,25.8,29.4,55.3,53.16455696,1292,4561,647,1235,10,535,213,427,0.271,0.355,0.339,0.694,105
Kiki Cuyler,Yes,18,46.7,34.9,40.8,57.2,71.32867133,1879,7161,1305,2299,128,1065,328,676,0.321,0.386,0.474,0.86,125
King Kelly,Yes,16,44.3,31.1,37.7,57.2,65.90909091,1456,5896,1357,1813,69,950,368,549,0.307,0.368,0.438,0.806,139
Kirby Puckett,Yes,12,51.1,37.6,44.4,58,76.55172414,1783,7244,1071,2304,207,1085,134,450,0.318,0.36,0.477,0.837,124
Kirk Gibson,No,17,38.4,29.9,34.2,57.2,59.79020979,1635,5798,985,1553,255,870,284,718,0.268,0.352,0.463,0.815,123
Lance Berkman,No,15,52.1,39.3,45.7,53.6,85.26119403,1879,6491,1146,1905,366,1234,86,1201,0.293,0.406,0.537,0.943,144
Lance Parrish,No,19,39.5,28.4,34,44.2,76.92307692,1988,7067,856,1782,324,1070,28,612,0.252,0.313,0.44,0.753,106
Larry Bowa,No,16,22.8,21.5,22.2,55.3,40.14466546,2247,8418,987,2191,15,525,318,474,0.26,0.3,0.32,0.62,71
Larry Doby,Yes,13,49.6,39.6,44.6,58,76.89655172,1533,5348,960,1515,253,970,47,871,0.283,0.386,0.49,0.876,136
Larry Doyle,No,14,45,30.1,37.6,57,65.96491228,1766,6509,960,1887,74,794,298,625,0.29,0.357,0.408,0.765,125
Larry McLean,No,13,11.1,11.3,11.2,44.2,25.33936652,862,2647,183,694,6,298,20,136,0.262,0.301,0.323,0.623,86
Larry Parrish,No,15,15.7,15.8,15.7,55.7,28.18671454,1891,6792,850,1789,256,992,30,529,0.263,0.318,0.439,0.757,107
Larry Walker,Yes,17,72.7,44.7,58.7,57.2,102.6223776,1988,6907,1355,2160,383,1311,230,913,0.313,0.4,0.565,0.965,141
Lave Cross,No,21,47.2,28.7,38,55.7,68.22262118,2277,9084,1338,2651,47,1378,303,466,0.292,0.329,0.383,0.711,100
Lee May,No,18,27.2,21.8,24.5,54.2,45.20295203,2071,7609,959,2031,354,1244,39,487,0.267,0.313,0.459,0.772,116
Lefty O'Doul,No,11,27.1,27.3,27.2,53.6,50.74626866,970,3264,624,1140,113,542,36,333,0.349,0.413,0.534,0.945,143
Lenny Dykstra,No,12,42.5,33,37.7,58,65,1278,4559,802,1298,81,404,285,640,0.285,0.375,0.419,0.793,120
Leo Cardenas,No,16,27.3,23.3,25.3,55.3,45.75045208,1941,6707,662,1725,118,689,39,522,0.257,0.311,0.367,0.679,88
Lew Fonseca,No,12,13.9,14.4,14.2,54.2,26.19926199,937,3404,518,1075,31,485,64,186,0.316,0.355,0.432,0.788,103
Lloyd Waner,Yes,18,24.1,20.3,22.2,58,38.27586207,1993,7772,1201,2459,27,598,67,420,0.316,0.353,0.393,0.747,99
Lonnie Smith,No,17,38.5,29.8,34.2,53.6,63.80597015,1613,5170,909,1488,98,533,370,623,0.288,0.371,0.42,0.791,118
Lou Boudreau,Yes,15,63,48.7,55.8,55.3,100.9041591,1646,6029,861,1779,68,789,51,796,0.295,0.38,0.415,0.795,120
Lou Brock,Yes,19,45.3,32.1,38.7,53.6,72.20149254,2616,10332,1610,3023,149,900,938,761,0.293,0.343,0.41,0.753,109
Lou Criger,No,16,10.7,9.9,10.3,44.2,23.30316742,1012,3202,337,709,11,342,58,309,0.221,0.295,0.29,0.584,72
Lou Gehrig,Yes,17,112.4,67.7,90.1,54.2,166.2361624,2164,8001,1888,2721,493,1995,102,1508,0.34,0.447,0.632,1.08,179
Lou Piniella,No,18,12.5,16.2,14.4,53.6,26.86567164,1747,5867,651,1705,102,766,32,368,0.291,0.333,0.409,0.741,109
Lou Whitaker,No,19,75.1,37.9,56.5,57,99.12280702,2390,8570,1386,2369,244,1084,143,1197,0.276,0.363,0.426,0.789,117
Lu Blue,No,13,36.7,28,32.3,54.2,59.59409594,1615,5904,1152,1696,44,695,151,1092,0.287,0.402,0.401,0.803,109
Luis Aparicio,Yes,18,55.8,32.7,44.3,55.3,80.1084991,2599,10230,1335,2677,83,791,506,736,0.262,0.311,0.343,0.653,82
Luis Gonzalez,No,19,51.8,34,42.9,53.6,80.03731343,2591,9157,1412,2591,354,1439,128,1155,0.283,0.367,0.478,0.845,119
Luke Apping,Yes,20,74.4,43.8,59.1,55.3,106.8716094,2422,8856,1319,2749,45,1116,179,1302,0.31,0.399,0.398,0.798,113
Luke Sewell,No,20,3.8,6.6,5.2,44.2,11.76470588,1630,5383,653,1393,20,698,66,486,0.259,0.323,0.341,0.665,70
Magglio Ordonez,No,15,38.7,32,35.4,57.2,61.88811189,1848,6978,1076,2156,294,1236,94,651,0.309,0.369,0.502,0.871,125
Manny Mota,No,20,17.6,14.4,16,53.6,29.85074627,1536,3779,495,1149,31,438,50,289,0.304,0.355,0.389,0.744,112
Manny Ramirez,No,19,69.4,40,54.7,53.6,102.0522388,2302,8224,1544,2574,555,1831,38,1329,0.312,0.411,0.585,0.996,154
Manny Sanguillen,No,13,27.5,26.4,27,44.2,61.08597285,1448,5062,566,1500,65,585,35,223,0.296,0.326,0.398,0.724,102
Mark Belanger,No,18,40.9,31.9,36.4,55.3,65.82278481,2016,5784,676,1316,20,389,167,576,0.228,0.3,0.28,0.58,68
Mark Grace,No,16,46.4,29.7,38,54.2,70.11070111,2245,8065,1179,2445,173,1146,70,1075,0.303,0.383,0.442,0.825,119
Mark McGwire,No,16,62.2,41.9,52,54.2,95.94095941,1874,6187,1167,1626,583,1414,12,1317,0.263,0.394,0.588,0.982,163
Mark Teixeira,No,14,50.6,38,44.3,54.2,81.73431734,1862,6936,1099,1862,409,1298,26,918,0.268,0.36,0.509,0.869,126
Marquis Grissom,No,17,29.6,27.5,28.5,58,49.13793103,2165,8275,1187,2251,227,967,429,553,0.272,0.318,0.415,0.732,92
Marty Bergen,No,4,0.1,0.1,0.1,44.2,0.226244344,344,1278,180,339,10,176,24,52,0.265,0.299,0.347,0.646,72
Marty Marion,No,13,31.6,26.2,28.9,55.3,52.26039783,1572,5506,602,1448,36,624,35,470,0.263,0.323,0.345,0.668,81
Marty McManus,No,15,33.6,23.8,28.7,57,50.35087719,1831,6660,1008,1926,120,992,126,675,0.289,0.357,0.43,0.787,102
Matt Williams,No,17,46.6,34,40.3,55.7,72.3518851,1866,7000,997,1878,378,1218,53,469,0.268,0.317,0.489,0.805,113
Matty Alou,No,15,23,23.4,23.2,58,40,1667,5789,780,1777,31,427,156,311,0.307,0.345,0.381,0.726,105
Maury Wills,No,14,39.7,29.6,34.7,55.3,62.74864376,1942,7588,1067,2134,20,458,586,552,0.281,0.33,0.331,0.661,88
Max Bishop,No,12,37.4,29.2,33.3,57,58.42105263,1338,4494,966,1216,41,379,40,1156,0.271,0.423,0.366,0.789,103
Max Carey,Yes,20,54,33,43.5,58,75,2476,9363,1545,2665,70,802,738,1040,0.285,0.361,0.386,0.747,108
Mel Ott,Yes,22,107.8,52.9,80.3,57.2,140.3846154,2730,9456,1859,2876,511,1860,89,1708,0.304,0.414,0.533,0.947,155
Michael Young,No,14,24.6,21.4,23,55.3,41.59132007,1970,7918,1137,2375,185,1030,90,575,0.3,0.346,0.441,0.787,104
Mickey Cochrane,Yes,13,52.1,36.9,44.5,44.2,100.678733,1482,5169,1041,1652,119,830,64,857,0.32,0.419,0.478,0.879,129
Mickey Mantle,Yes,18,110.3,64.8,87.6,58,151.0344828,2401,8102,1676,2415,536,1509,153,1733,0.298,0.421,0.557,0.977,172
Mickey Rivers,No,15,32.7,27.7,30.2,58,52.06896552,1468,5629,785,1660,61,499,267,266,0.295,0.327,0.397,0.724,106
Mickey Stanley,No,15,17.3,14.7,16,58,27.5862069,1516,5022,641,1243,117,500,44,371,0.248,0.298,0.377,0.675,90
Mickey Vernon,No,20,34.5,25.4,30,54.2,55.35055351,2409,8731,1196,2495,172,1311,137,955,0.286,0.359,0.428,0.787,116
Miguel Tejada,No,16,47.3,36.6,41.9,55.3,75.76853526,2171,8434,1230,2407,307,1302,85,553,0.285,0.336,0.456,0.791,108
Mike Donlin,No,12,29.4,26.8,28.1,58,48.44827586,1049,3854,669,1282,51,543,213,312,0.33,0.386,0.468,0.854,144
Mike Gonzalez,No,17,7.2,8.3,7.8,44.2,17.64705882,1042,2829,283,717,13,263,52,231,0.253,0.314,0.324,0.638,80
Mike Greenwell,No,12,25.8,25.7,25.8,53.6,48.13432836,1269,4623,657,1400,130,726,80,460,0.303,0.368,0.463,0.831,121
Mike Hargrove,No,12,30.4,24.3,27.3,54.2,50.36900369,1666,5564,783,1614,80,686,24,965,0.29,0.396,0.391,0.781,121
Mike Jorgensen,No,17,9.1,10.4,9.7,54.2,17.89667897,1633,3421,429,833,95,426,58,532,0.243,0.347,0.373,0.72,101
Mike Napoli,No,12,26.3,22,24.2,44.2,54.75113122,1392,4572,697,1125,267,744,39,650,0.246,0.346,0.475,0.821,117
Mike Piazza,Yes,16,59.6,43.1,51.4,44.2,116.2895928,1912,6911,1048,2127,427,1335,17,759,0.308,0.377,0.545,0.922,142
Mike Schmidt,Yes,18,106.8,58.7,82.8,55.7,148.6535009,2404,8352,1506,2234,548,1595,174,1507,0.267,0.38,0.527,0.908,147
Mike Sweeney,No,16,24.8,21.8,23.3,54.2,42.98892989,1454,5188,79,1540,215,909,53,522,0.297,0.366,0.486,0.851,118
Minnie Minoso,Yes,17,50.5,39.9,45.2,53.6,84.32835821,1835,6579,1136,1963,186,1023,205,814,0.298,0.389,0.459,0.848,130
Mo Vaughn,No,12,27.2,27.1,27.1,54.2,50,1512,5532,861,1620,328,1064,30,725,0.293,0.383,0.523,0.906,132
Moe Berg,No,15,-4.4,0.4,-2,44.2,-4.524886878,663,1813,150,441,6,206,12,78,0.243,0.278,0.299,0.577,49
Moises Alou,No,17,39.9,27.7,33.8,53.6,63.05970149,1942,7037,1109,2134,332,1287,106,737,0.303,0.369,0.516,0.885,128
Muddy Ruel,No,19,18.6,16.5,17.5,44.2,39.59276018,1468,4514,494,1242,4,536,61,606,0.275,0.365,0.332,0.697,83
Mule Haas,No,12,12.5,13.1,12.8,58,22.06896552,1168,4303,706,1257,43,496,12,433,0.292,0.359,0.402,0.761,94
Nap Lajoie,Yes,21,107.4,60.3,83.9,57,147.1929825,2480,9589,1504,3243,82,1599,380,516,0.338,0.38,0.466,0.847,150
Nellie Fox,Yes,19,49,36.8,42.9,57,75.26315789,2367,9232,1279,2663,35,790,76,719,0.288,0.348,0.363,0.71,93
Nomar Garciaparra,No,14,44.2,43.1,43.7,55.3,79.02350814,1434,5586,927,1747,229,936,95,403,0.313,0.361,0.521,0.882,124
Norm Cash,No,17,52,33.7,42.9,54.2,79.15129151,2089,6705,1045,1820,377,1104,43,1043,0.271,0.374,0.488,0.862,139
Omar Vizquel,No,24,45.6,26.8,36.2,55.3,65.46112116,2968,10586,1445,2877,80,951,404,1028,0.272,0.336,0.352,0.688,82
Orlando Cepeda,Yes,17,50.2,34.6,42.4,54.2,78.22878229,2124,7927,1131,2351,379,1365,142,588,0.297,0.35,0.499,0.849,133
Ossee Schrecongost,No,11,13.2,13.2,13.2,44.2,29.86425339,895,3057,304,829,9,338,52,102,0.271,0.297,0.345,0.642,91
Ossie Bluege,No,18,28.3,19.7,24,55.7,43.08797127,1867,6440,883,1751,43,848,140,723,0.272,0.352,0.356,0.707,85
Otto Knabe,No,11,9.6,10.9,10.3,57,18.07017544,1278,4469,572,1103,8,365,143,485,0.247,0.325,0.313,0.639,87
Ozzie Guillen,No,16,20.9,19.3,20.1,55.3,36.34719711,1993,6686,773,1764,28,619,169,239,0.264,0.287,0.338,0.626,69
Ozzie Smith,Yes,19,76.9,42.5,59.7,55.3,107.9566004,2573,9396,1257,2460,28,793,580,1072,0.262,0.337,0.328,0.666,87
Pat Moran,No,14,6.8,7.9,7.4,44.2,16.74208145,818,2634,198,618,18,262,55,142,0.235,0.283,0.312,0.595,78
Paul Blair,No,17,37.8,35.4,36.6,58,63.10344828,1947,6042,776,1513,134,620,171,449,0.25,0.302,0.382,0.684,96
Paul Konerko,No,18,27.7,21.5,24.6,54.2,45.38745387,2349,8393,1162,2340,439,1412,9,921,0.279,0.354,0.486,0.831,118
Paul Molitor,Yes,21,75.7,39.7,57.7,55.7,103.5906643,2683,10835,1782,3319,234,1307,504,1094,0.306,0.369,0.448,0.817,122
Paul O'Neill,No,17,38.9,27.4,33.2,57.2,58.04195804,2053,7318,1041,2105,281,1269,141,892,0.288,0.363,0.47,0.833,120
Paul Waner,Yes,20,72.8,42.2,57.5,57.2,100.5244755,2549,9459,1627,3152,113,1309,104,1091,0.333,0.404,0.473,0.878,134
Pedro Guerrero,No,15,34.5,32,33.2,53.6,61.94029851,1536,5392,730,1618,215,898,97,609,0.3,0.37,0.48,0.85,137
Pee Wee Reese,Yes,16,66.3,40.9,53.6,55.3,96.92585895,2166,8058,1338,2170,126,885,232,1210,0.269,0.366,0.377,0.743,99
Pep Young,No,10,6,7,6.5,57,11.40350877,730,2466,274,645,32,347,18,152,0.262,0.308,0.38,0.688,85
Pepper Martin,No,13,17.4,16.6,17,58,29.31034483,1189,4117,756,1227,59,501,146,369,0.298,0.358,0.443,0.801,113
Pete Reiser,No,10,21.8,21.5,21.6,58,37.24137931,861,2662,473,786,58,368,87,343,0.295,0.38,0.45,0.829,128
Pete Rose,No,24,79.7,44.9,62.3,53.6,116.2313433,3562,14053,2165,4256,160,1314,198,1566,0.303,0.375,0.409,0.784,118
Phil Cavarretta,No,22,34.6,25.2,29.9,54.2,55.16605166,2030,6754,990,1977,95,920,65,820,0.293,0.372,0.416,0.788,118
Phil Garner,No,16,29.7,23.3,26.5,57,46.49122807,1860,6136,780,1594,109,738,225,564,0.26,0.323,0.389,0.711,99
Phil Rizzuto,Yes,13,40.8,33.8,37.3,55.3,67.45027125,1661,5816,877,1588,38,563,149,651,0.273,0.351,0.355,0.706,93
Pie Traynor,Yes,17,36.3,25.7,31,55.7,55.65529623,1941,7559,1183,2416,58,1273,158,472,0.32,0.362,0.435,0.797,107
Ping Bodie,No,9,14.7,15.7,15.2,58,26.20689655,1050,3670,393,1011,43,514,83,312,0.275,0.335,0.396,0.731,109
Pinky Higgins,No,14,27.5,21,24.3,55.7,43.62657092,1802,6636,931,1941,140,1075,61,800,0.292,0.37,0.428,0.798,107
Placido Polanco,No,16,41.5,32.3,36.9,56.9,64.85061511,1927,7214,1009,2142,104,723,81,429,0.297,0.343,0.397,0.74,95
Prince Fielder,No,12,23.8,24.9,24.4,54.2,45.01845018,1611,5821,862,1645,319,1028,18,847,0.283,0.382,0.506,0.887,134
Rabbit Maranville,Yes,23,42.9,30.5,36.7,55.3,66.36528029,2670,10078,1256,2605,28,884,291,839,0.258,0.318,0.34,0.658,82
Rafael Palmeiro,No,20,71.9,38.9,55.4,54.2,102.2140221,2831,10472,1663,3020,569,1835,97,1353,0.288,0.371,0.515,0.885,132
Ralph Kiner,Yes,10,49.4,43.7,46.5,53.6,86.75373134,1472,5205,971,1451,369,1015,22,1011,0.279,0.398,0.548,0.946,149
Raul Ibanez,No,19,20.4,20.1,20.2,53.7,37.61638734,2161,7471,1055,2034,305,1207,50,713,0.272,0.335,0.465,0.801,111
Ray Blades,No,10,15.1,15.2,15.1,53.6,28.17164179,767,2415,467,726,50,340,33,331,0.301,0.395,0.46,0.855,123
Ray Chapman,No,9,29.1,27.2,28.2,55.3,50.99457505,1051,3785,671,1053,17,364,238,452,0.278,0.358,0.377,0.735,111
Ray Knight,No,13,13.3,15.9,14.6,55.7,26.21184919,1495,4829,490,1311,84,595,14,343,0.271,0.321,0.39,0.711,99
Ray Schalk,Yes,18,28.6,22.1,25.3,44.2,57.239819,1762,5306,579,1345,11,593,177,638,0.253,0.34,0.316,0.656,83
Red Dooin,No,15,3.8,6.7,5.3,44.2,11.99095023,1290,4004,333,961,10,344,133,155,0.24,0.272,0.298,0.57,22
Red Kress,No,14,16.5,16.9,16.7,55.3,30.19891501,1391,5087,691,1454,89,799,46,474,0.286,0.347,0.42,0.767,97
Red Murray,No,11,16,15.6,15.8,57.2,27.62237762,1264,4334,554,1170,37,575,321,299,0.27,0.323,0.379,0.702,108
Red Rolfe,No,10,23.5,22.2,22.8,55.7,40.93357271,1175,4827,942,1394,69,497,44,526,0.289,0.36,0.413,0.773,99
Red Schoendienst,Yes,19,42.3,31.7,37,57,64.9122807,2216,8479,1223,2449,84,773,89,606,0.289,0.337,0.387,0.724,94
Reggie Jackson,Yes,21,74,46.8,60.4,57.2,105.5944056,2820,9864,1551,2584,563,1702,228,1375,0.262,0.356,0.49,0.846,139
Reggie Smith,No,17,64.6,38.7,51.7,57.2,90.38461538,1987,7033,1123,2020,314,1092,137,890,0.287,0.366,0.489,0.855,137
Richie Ashburn,Yes,15,63.9,44.5,54.2,58,93.44827586,2189,8365,1322,2574,29,586,234,1198,0.308,0.396,0.382,0.778,111
Richie Hebner,No,18,33,23.4,28.2,55.7,50.62836625,1908,6144,865,1694,203,890,38,687,0.276,0.352,0.438,0.79,119
Rick Dempsey,No,24,25.1,17.2,21.2,44.2,47.9638009,1765,4692,525,1093,96,471,20,592,0.233,0.319,0.347,0.666,87
Rick Ferrell,Yes,18,29.8,19.9,24.8,44.2,56.10859729,1884,6028,687,1692,28,734,29,931,0.281,0.378,0.363,0.741,95
Rick Monday,No,19,33.1,22.9,28,58,48.27586207,1986,6136,950,1619,241,775,98,924,0.264,0.361,0.443,0.804,125
Rick Petrocelli,No,13,39.2,33.2,36.2,55.3,65.46112116,1553,5390,653,1352,210,773,10,661,0.251,0.332,0.42,0.752,108
Rickey Henderson,Yes,25,111.2,57.6,84.4,53.6,157.4626866,3081,10961,2295,3055,297,1115,1406,2190,0.279,0.401,0.419,0.82,127
Rico Carty,No,15,32.6,27.5,30.1,53.6,56.15671642,1641,5605,712,1677,204,890,21,642,0.299,0.369,0.464,0.833,132
Riggs Stephenson,No,14,32.1,24.2,28.2,53.6,52.6119403,1310,4508,714,1515,63,773,53,494,0.336,0.407,0.473,0.88,129
Roberto Alomar,Yes,17,67.1,42.9,55,57,96.49122807,2379,9073,1508,2724,210,1134,474,1032,0.3,0.371,0.443,0.814,116
Robin Ventura,No,16,56.1,38.7,47.4,55.7,85.09874327,2079,7064,1006,1885,294,1182,24,1075,0.267,0.362,0.444,0.806,114
Robin Yount,Yes,20,77.3,47.3,62.3,55.3,112.6582278,2856,11008,1632,3142,251,1406,271,966,0.285,0.342,0.43,0.772,115
Rocky Colavito,No,14,44.5,35.3,39.9,57.2,69.75524476,1841,6503,971,1730,374,1159,19,951,0.266,0.359,0.489,0.848,132
Rod Carew,Yes,19,81.3,49.8,65.5,57,114.9122807,2469,9315,1424,3053,92,1015,353,1018,0.328,0.393,0.429,0.822,131
Roger Bresnahan,Yes,17,40.9,28.8,34.9,44.2,78.95927602,1446,4481,682,1252,26,530,212,714,0.279,0.386,0.377,0.764,126
Roger Connor,Yes,18,84.3,47,65.6,54.2,121.0332103,1998,7797,1620,2467,138,1323,244,1002,0.316,0.397,0.486,0.883,153
Roger Maris,No,12,38.2,32.3,35.2,57.2,61.53846154,1463,5101,826,1235,275,850,21,652,0.26,0.345,0.476,0.822,127
Roger Peckinpaugh,No,17,45.1,29.1,37.1,55.3,67.08860759,2012,7233,1006,1876,48,740,205,814,0.259,0.336,0.335,0.672,86
Rogers Hornsby,Yes,23,127,73.5,100.3,57,175.9649123,2259,8173,1579,2930,301,1584,135,1038,0.358,0.434,0.577,1.01,175
Ron Cey,No,17,53.8,37.1,45.4,55.7,81.50807899,2073,7162,977,1868,316,1139,24,1012,0.261,0.354,0.445,0.799,121
Ron Fairly,No,21,35.1,24,29.6,54.2,54.61254613,2442,7184,931,1913,215,1044,35,1052,0.266,0.36,0.408,0.768,117
Ron Santo,Yes,15,70.5,53.8,62.2,55.7,111.6696589,2243,8143,1138,2254,342,1331,35,1108,0.277,0.362,0.464,0.826,125
Ross Youngs,Yes,10,32.2,30.3,31.3,57.2,54.72027972,1211,4627,812,1491,42,592,153,550,0.322,0.399,0.441,0.839,130
Roy Campanella,Yes,10,34.1,32.8,33.5,44.2,75.7918552,1215,4205,627,1161,242,856,25,533,0.276,0.36,0.5,0.86,123
Roy McMillan,No,16,25.6,20,22.8,55.3,41.22965642,2093,6752,739,1639,68,594,41,665,0.243,0.314,0.321,0.635,72
Roy Sievers,No,17,25.6,22.7,24.1,54.2,44.46494465,1887,6387,945,1703,318,1147,14,841,0.267,0.354,0.475,0.829,124
Rudy York,No,13,34.7,28.4,31.6,54.2,58.30258303,1603,5891,876,1621,277,1149,38,792,0.275,0.362,0.483,0.845,123
Rusty Staub,No,23,45.8,33.3,39.6,57.2,69.23076923,2951,9720,1189,2716,292,1466,47,1255,0.279,0.362,0.431,0.793,124
Ryan Howard,No,13,14.7,19.2,17,54.2,31.36531365,1572,5707,848,1475,382,1194,12,709,0.258,0.343,0.515,0.859,125
Ryne Sandberg,Yes,16,68,47.1,57.5,57,100.877193,2164,8385,1318,2386,282,1061,344,761,0.285,0.344,0.452,0.795,114
Sal Bando,No,16,61.5,44.4,53,55.7,95.15260323,2019,7060,982,1790,242,1039,75,1031,0.254,0.352,0.408,0.76,119
Sam Chapman,No,11,17.5,17,17.2,58,29.65517241,1368,4988,754,1329,180,773,41,562,0.266,0.342,0.438,0.78,107
Sam Crawford,Yes,19,75.2,39.7,57.5,57.2,100.5244755,2517,9570,1391,2961,97,1523,367,760,0.309,0.362,0.452,0.814,144
Sam Rice,Yes,20,52.7,30.8,41.7,57.2,72.9020979,2404,9269,1514,2987,34,1077,351,708,0.322,0.374,0.427,0.801,112
Sam Thompson,Yes,15,44.4,33.2,38.8,57.2,67.83216783,1410,5998,1261,1988,126,1308,232,452,0.331,0.384,0.505,0.89,147
Sam West,No,16,29.2,22.3,25.8,58,44.48275862,1753,6148,934,1838,75,838,54,696,0.299,0.371,0.425,0.796,104
Sammy Sosa,No,18,58.6,43.8,51.2,57.2,89.51048951,2354,8813,1475,2408,609,1667,234,929,0.273,0.344,0.534,0.878,128
Sandy Alomar,No,20,13.7,13.1,13.4,44.2,30.31674208,1377,4530,520,1236,112,588,25,212,0.273,0.309,0.406,0.716,86
Scott Rolen,Yes,17,70.2,43.7,56.9,55.7,102.1543986,2038,7398,1211,2077,316,1287,118,899,0.281,0.364,0.49,0.855,122
Shano Collins,No,16,11,13.9,12.4,57.2,21.67832168,1799,6390,747,1687,22,708,226,331,0.264,0.306,0.364,0.671,90
Shawn Green,No,15,34.7,31.5,33.1,57.2,57.86713287,1951,7082,1129,2003,328,1070,162,744,0.283,0.355,0.494,0.85,120
Shawon Dunston,No,18,11.5,11,11.2,55.3,20.25316456,1814,5927,736,1597,150,668,212,203,0.269,0.296,0.416,0.712,89
Sherry Magee,No,16,59.3,38.7,49,53.6,91.41791045,2087,7441,1112,2169,83,1176,441,736,0.291,0.364,0.427,0.79,137
Shoeless Joe Jackson,No,13,62.2,52.5,57.4,57.2,100.3496503,1332,4981,873,1772,54,792,202,519,0.356,0.423,0.517,0.94,170
Sibby Sisti,No,13,1.8,3.9,2.9,57,5.087719298,1016,2999,401,732,27,260,30,283,0.244,0.313,0.324,0.637,79
Smoky Burgess,No,18,33.3,23,28.1,44.2,63.57466063,1691,4471,485,1318,126,673,13,477,0.295,0.362,0.446,0.807,116
Solly Hemus,No,11,25.5,25.4,25.5,55.3,46.11211573,961,2694,459,736,51,263,21,456,0.273,0.39,0.411,0.801,115
Sonny Jackson,No,12,1.7,4.8,3.2,55.3,5.786618445,936,3055,396,767,7,162,126,250,0.251,0.308,0.303,0.611,73
Sparky Adams,No,13,15.9,14.7,15.3,57,26.84210526,1424,5557,844,1588,9,394,154,453,0.286,0.343,0.353,0.695,82
Spud Davis,No,16,27.2,21.1,24.1,44.2,54.52488688,1458,4255,388,1312,77,647,6,386,0.308,0.369,0.43,0.799,110
Stan Hack,No,16,52.6,35.2,43.9,55.7,78.81508079,1938,7278,1239,2193,57,642,165,1092,0.301,0.394,0.397,0.791,119
Stan Musial,Yes,22,128.2,64.1,96.2,57.2,168.1818182,3026,10972,1949,3630,475,1951,78,1599,0.331,0.417,0.559,0.976,159
Steve Finley,No,19,44.3,32.1,38.2,58,65.86206897,2583,9397,1443,2548,304,1167,320,844,0.271,0.332,0.442,0.775,104
Steve Garvey,No,19,38.1,28.8,33.4,54.2,61.62361624,2332,8835,1143,2599,272,1308,83,479,0.294,0.329,0.446,0.775,117
Steve O'Neill,No,17,24.2,20.4,22.3,44.2,50.45248869,1590,4795,448,1259,13,534,30,592,0.263,0.349,0.337,0.685,88
Steve Sax,No,14,25.7,21.9,23.8,57,41.75438596,1769,6940,913,1949,54,550,444,556,0.281,0.335,0.358,0.692,95
Steve Yeager,No,15,17.9,14.8,16.4,44.2,37.1040724,1269,3584,357,816,102,410,14,342,0.228,0.298,0.355,0.653,83
Steve Yerkes,No,7,6.9,6.9,6.9,55.3,12.47739602,711,2521,307,676,6,254,54,207,0.268,0.328,0.35,0.677,95
Stuffy McInnis,No,19,34.3,25.3,29.8,54.2,54.98154982,2128,7822,871,2405,20,1063,172,380,0.307,0.343,0.381,0.723,105
Ted Kluszewski,No,15,32.4,29.2,30.8,54.2,56.82656827,1718,5929,848,1766,279,1028,20,492,0.298,0.353,0.498,0.85,123
Ted Simmons,Yes,21,50.3,34.8,42.6,44.2,96.3800905,2456,8680,1074,2472,248,1389,21,855,0.285,0.348,0.437,0.785,118
Ted Williams,Yes,19,123.1,69.2,96.1,53.6,179.2910448,2292,7706,1798,2654,521,1839,24,2021,0.344,0.482,0.634,1.116,190
Terry Kennedy,No,14,21.6,19.4,20.5,44.2,46.3800905,1491,4979,474,1313,113,628,6,365,0.264,0.314,0.386,0.699,96
Terry Moore,No,11,18.9,17.3,18.1,58,31.20689655,1298,4700,719,1318,80,513,82,406,0.28,0.34,0.399,0.739,99
Terry Pendleton,No,15,28.5,25.4,26.9,55.7,48.29443447,1893,7032,851,1897,140,946,127,486,0.27,0.316,0.391,0.707,92
Terry Puhl,No,15,28.4,23.7,26.1,57.2,45.62937063,1531,4855,676,1381,62,435,217,505,0.28,0.349,0.388,0.737,112
Terry Steinbach,No,14,28,21.6,24.8,44.2,56.10859729,1546,5369,638,1453,162,745,23,418,0.271,0.326,0.42,0.746,102
Terry Turner,No,17,38,28.4,33.2,55.3,60.03616637,1659,5921,699,1499,8,528,256,435,0.253,0.308,0.318,0.626,89
Thurman Munson,No,11,46.1,37,41.6,44.2,94.11764706,1423,5344,696,1558,113,701,48,438,0.292,0.346,0.41,0.756,116
Tim Jordan,No,7,11.3,11.3,11.3,54.2,20.84870849,540,1813,220,474,32,232,48,254,0.261,0.355,0.382,0.737,137
Tim McCarver,No,21,28.3,21.4,24.9,44.2,56.33484163,1909,5529,590,1501,97,645,61,548,0.271,0.337,0.388,0.725,102
Tim Raines,Yes,23,69.4,42.4,55.9,53.6,104.2910448,2502,8872,1571,2605,170,980,808,1330,0.294,0.385,0.425,0.81,123
Tim Salmon,No,14,40.6,31.6,36.1,57.2,63.11188811,1672,5934,986,1674,299,1016,48,970,0.282,0.385,0.498,0.884,128
Tim Wallach,No,17,38.5,30.6,34.6,55.7,62.11849192,2212,8099,908,2085,260,1125,51,649,0.257,0.316,0.416,0.732,102
Tino Martinez,No,16,29,21.8,25.4,54.2,46.86346863,2023,7111,1009,1925,339,1271,27,780,0.271,0.344,0.471,0.815,112
Toby Harrah,No,17,51.4,35.4,43.4,55.7,77.91741472,2155,7402,1115,1954,195,918,238,1153,0.264,0.365,0.395,0.76,114
Todd Helton,No,17,61.2,46.5,53.9,54.2,99.44649446,2247,7962,1401,2519,369,1406,37,1335,0.316,0.414,0.539,0.953,133
Tommy Davis,No,18,20.4,20.7,20.6,53.6,38.43283582,1999,7223,811,2121,153,1052,136,381,0.294,0.329,0.405,0.733,108
Tommy Helms,No,14,8.3,10.5,9.4,57,16.49122807,1435,4997,414,1342,34,477,33,231,0.269,0.3,0.342,0.642,79
Tommy Henrich,No,11,35.7,28.1,31.9,57.2,55.76923077,1284,4603,901,1297,183,795,37,712,0.282,0.382,0.491,0.873,132
Tommy Holmes,No,11,34.3,31,32.7,57.2,57.16783217,1320,4992,698,1507,88,581,40,480,0.302,0.366,0.432,0.798,122
Tommy Leach,No,19,47,31,39,55.7,70.01795332,2156,7959,1355,2143,63,812,361,820,0.269,0.34,0.37,0.71,109
Tommy McCarthy,Yes,13,16.2,18.9,17.6,57.2,30.76923077,1273,5120,1066,1493,44,732,468,536,0.292,0.364,0.375,0.74,102
Tommy Thevenow,No,15,-5.3,3.7,-0.8,55.3,-1.446654611,1229,4164,380,1030,2,456,23,210,0.247,0.285,0.294,0.579,51
Tony Cuccinello,No,15,35.3,28,31.7,57,55.61403509,1704,6184,730,1729,94,884,42,579,0.28,0.343,0.394,0.737,104
Tony Fernandez,No,17,45.3,30.5,37.9,55.3,68.53526221,2158,7911,1057,2276,94,844,246,690,0.288,0.347,0.399,0.746,101
Tony Gwynn,Yes,20,69.2,41.3,55.2,57.2,96.5034965,2440,9288,1383,3141,135,1138,319,790,0.338,0.388,0.459,0.847,132
Tony Lazzeri,Yes,14,50,35.1,42.6,57,74.73684211,1740,6297,986,1840,178,1194,148,869,0.292,0.38,0.467,0.846,121
Tony Oliva,Yes,15,43.1,38.6,40.8,57.2,71.32867133,1676,6301,870,1917,220,947,86,448,0.304,0.353,0.476,0.83,131
Tony Pena,No,18,24.7,24.7,24.7,44.2,55.88235294,1988,6489,667,1687,107,708,80,455,0.26,0.309,0.364,0.673,84
Tony Perez,Yes,23,54,36.5,45.3,54.2,83.57933579,2777,9778,1272,2732,379,1652,49,925,0.279,0.341,0.463,0.804,122
Tony Phillips,No,18,50.9,34.1,42.5,57,74.56140351,2161,7617,1300,2023,160,819,177,1319,0.266,0.374,0.389,0.763,109
Torii Hunter,No,19,50.7,30.8,40.7,58,70.17241379,2372,8857,1296,2452,353,1391,195,661,0.277,0.331,0.461,0.793,110
Travis Fryman,No,13,34.4,28.4,31.4,55.7,56.37342908,1698,6481,895,1776,223,1022,72,602,0.274,0.336,0.443,0.779,104
Travis Jackson,Yes,15,44,35.1,39.5,55.3,71.42857143,1656,6086,833,1768,135,929,71,412,0.291,0.337,0.433,0.77,102
Trey Moore,No,11,18.9,17.3,18.1,58,31.20689655,1298,4700,719,1318,80,513,82,406,0.28,0.34,0.399,0.739,99
Tris Speaker,Yes,22,134.1,62.4,98.2,58,169.3103448,2789,10195,1882,3514,117,1531,436,1381,0.345,0.428,0.5,0.928,157
Ty Cobb,Yes,24,151,69.2,110.1,58,189.8275862,3034,11434,2244,4189,117,1944,897,1249,0.366,0.433,0.512,0.945,168
Vada Pinson,No,18,54.3,40,47.2,58,81.37931034,2469,9645,1365,2757,256,1169,305,574,0.286,0.327,0.442,0.769,111
Vic Power,No,12,15.5,17.1,16.3,54.2,30.07380074,1627,6046,765,1716,126,658,45,279,0.284,0.315,0.411,0.725,97
Vic Wertz,No,17,27.4,22,24.7,57.2,43.18181818,1862,6099,867,1692,266,1178,9,828,0.277,0.364,0.469,0.833,121
Vince Coleman,No,13,12.5,13.2,12.9,53.6,24.06716418,1371,5406,849,1425,28,346,752,477,0.264,0.324,0.345,0.668,83
Vinny Castilla,No,16,19.4,20.8,20.1,55.7,36.08617594,1854,6822,902,1883,320,1105,33,423,0.276,0.321,0.476,0.797,95
Vladimir Guerrero,Yes,16,59.4,41.2,50.3,57.2,87.93706294,2147,8155,1328,2590,449,1496,181,737,0.318,0.379,0.553,0.931,140
Wade Boggs,Yes,18,91.4,56.4,73.9,55.7,132.6750449,2439,9180,1513,3010,118,1014,24,1412,0.328,0.415,0.443,0.858,131
Walker Cooper,No,18,28.9,22.9,25.9,44.2,58.59728507,1473,4702,573,1341,173,812,18,309,0.285,0.332,0.464,0.796,116
Wally Berger,No,11,42.1,35.8,38.9,58,67.06896552,1350,5163,809,1550,242,898,36,435,0.3,0.359,0.522,0.881,138
Wally Moon,No,12,24.9,25.7,25.3,53.6,47.20149254,1457,4843,737,1399,142,661,89,644,0.289,0.371,0.445,0.817,118
Wally Moses,No,17,33,24.3,28.7,57.2,50.17482517,2012,7356,1124,2138,89,679,174,821,0.291,0.364,0.416,0.779,109
Wally Pip,No,15,31.5,23.5,27.5,54.2,50.73800738,1872,6914,974,1941,90,1004,125,596,0.281,0.341,0.408,0.749,104
Wally Schang,No,19,45,25.2,35.1,44.2,79.41176471,1842,5307,769,1506,59,705,121,849,0.284,0.393,0.401,0.794,117
Walt Dropo,No,13,3.1,6.6,4.8,54.2,8.856088561,1288,4124,478,1113,152,704,5,328,0.27,0.326,0.432,0.757,100
Walt Weiss,No,14,16.5,16.1,16.3,55.3,29.4755877,1495,4686,623,1207,25,386,96,658,0.258,0.351,0.326,0.677,78
Walton Cruise,No,10,8.6,10.2,9.4,53.6,17.53731343,736,2321,293,644,30,272,49,238,0.277,0.348,0.386,0.733,114
Whitey Lockman,No,15,18.3,19.6,19,53.6,35.44776119,1666,5940,836,1658,114,563,43,552,0.279,0.342,0.391,0.732,95
Whitey Witt,No,10,12.7,13.2,13,58,22.4137931,1139,4171,632,1195,18,300,78,489,0.287,0.362,0.364,0.726,98
Wid Conroy,No,11,21.9,17.7,19.8,55.7,35.5475763,1374,5061,605,1257,22,452,262,345,0.248,0.301,0.329,0.629,91
Will Clark,No,15,56.5,36.1,46.3,54.2,85.42435424,1976,7173,1186,2176,284,1205,67,937,0.303,0.384,0.497,0.88,137
Willie Horton,No,18,26.4,20.6,23.5,53.6,43.84328358,2028,7298,873,1993,325,1163,20,620,0.273,0.332,0.457,0.789,120
Willie Kamm,No,13,35.3,26,30.7,55.7,55.11669659,1693,5851,802,1643,29,827,126,824,0.281,0.372,0.384,0.756,97
Willie Keeler,Yes,19,54.1,36.2,45.2,57.2,79.02097902,2123,8591,1719,2932,33,810,495,524,0.341,0.388,0.415,0.802,127
Willie Mays,Yes,22,156.4,73.7,115,58,198.2758621,2992,10881,2062,3283,660,1903,338,1464,0.302,0.384,0.557,0.941,156
Willie McCovey,Yes,22,64.5,44.9,54.7,54.2,100.9225092,2588,8197,1229,2211,521,1555,26,1345,0.27,0.374,0.515,0.889,147
Willie McGee,No,18,34.2,28.7,31.5,58,54.31034483,2201,7649,1010,2254,79,856,352,448,0.295,0.333,0.396,0.729,100
Willie Randolph,No,18,65.9,36.3,51.1,57,89.64912281,2202,8018,1239,2210,54,687,271,1243,0.276,0.373,0.351,0.724,104
Willie Stargell,Yes,21,57.5,38,47.7,53.6,88.99253731,2360,7927,1194,2232,475,1540,17,937,0.282,0.36,0.529,0.889,147
Willie Wilson,No,19,46.1,34,40.1,58,69.13793103,2154,7731,1169,2207,41,585,668,425,0.285,0.326,0.376,0.702,94
Yogi Berra,Yes,19,59.4,37,48.2,44.2,109.0497738,2120,7555,1175,2159,358,1430,30,704,0.285,0.348,0.482,0.83,125
Zach Wheat,Yes,19,60.2,34.6,47.4,53.6,88.43283582,2410,9106,1289,2884,132,1248,205,650,0.317,0.367,0.45,0.817,129
